<?xml version="1.0" encoding="UTF-8"?>
<GenRun Id="impl_1" LaunchPart="xc7a35tcpg236-1" LaunchTime="1725261775">
  <File Type="BITSTR-BMM" Name="system_top_bd.bmm"/>
  <File Type="OPT-METHODOLOGY-DRC" Name="system_top_methodology_drc_opted.rpt"/>
  <File Type="INIT-TIMING" Name="system_top_timing_summary_init.rpt"/>
  <File Type="ROUTE-PWR" Name="system_top_power_routed.rpt"/>
  <File Type="PA-TCL" Name="system_top.tcl"/>
  <File Type="OPT-TIMING" Name="system_top_timing_summary_opted.rpt"/>
  <File Type="OPT-DCP" Name="system_top_opt.dcp"/>
  <File Type="ROUTE-PWR-SUM" Name="system_top_power_summary_routed.pb"/>
  <File Type="REPORTS-TCL" Name="system_top_reports.tcl"/>
  <File Type="OPT-DRC" Name="system_top_drc_opted.rpt"/>
  <File Type="OPT-HWDEF" Name="system_top.hwdef"/>
  <File Type="PWROPT-DCP" Name="system_top_pwropt.dcp"/>
  <File Type="PWROPT-DRC" Name="system_top_drc_pwropted.rpt"/>
  <File Type="PWROPT-TIMING" Name="system_top_timing_summary_pwropted.rpt"/>
  <File Type="PLACE-DCP" Name="system_top_placed.dcp"/>
  <File Type="PLACE-IO" Name="system_top_io_placed.rpt"/>
  <File Type="PLACE-CLK" Name="system_top_clock_utilization_placed.rpt"/>
  <File Type="PLACE-UTIL" Name="system_top_utilization_placed.rpt"/>
  <File Type="PLACE-UTIL-PB" Name="system_top_utilization_placed.pb"/>
  <File Type="PLACE-CTRL" Name="system_top_control_sets_placed.rpt"/>
  <File Type="PLACE-SIMILARITY" Name="system_top_incremental_reuse_placed.rpt"/>
  <File Type="PLACE-PRE-SIMILARITY" Name="system_top_incremental_reuse_pre_placed.rpt"/>
  <File Type="PLACE-TIMING" Name="system_top_timing_summary_placed.rpt"/>
  <File Type="POSTPLACE-PWROPT-DCP" Name="system_top_postplace_pwropt.dcp"/>
  <File Type="BG-BIN" Name="system_top.bin"/>
  <File Type="POSTPLACE-PWROPT-TIMING" Name="system_top_timing_summary_postplace_pwropted.rpt"/>
  <File Type="PHYSOPT-DCP" Name="system_top_physopt.dcp"/>
  <File Type="PHYSOPT-DRC" Name="system_top_drc_physopted.rpt"/>
  <File Type="BITSTR-MSK" Name="system_top.msk"/>
  <File Type="PHYSOPT-TIMING" Name="system_top_timing_summary_physopted.rpt"/>
  <File Type="ROUTE-ERROR-DCP" Name="system_top_routed_error.dcp"/>
  <File Type="ROUTE-DCP" Name="system_top_routed.dcp"/>
  <File Type="ROUTE-BLACKBOX-DCP" Name="system_top_routed_bb.dcp"/>
  <File Type="ROUTE-DRC" Name="system_top_drc_routed.rpt"/>
  <File Type="ROUTE-DRC-PB" Name="system_top_drc_routed.pb"/>
  <File Type="ROUTE-DRC-RPX" Name="system_top_drc_routed.rpx"/>
  <File Type="BITSTR-MMI" Name="system_top.mmi"/>
  <File Type="ROUTE-METHODOLOGY-DRC" Name="system_top_methodology_drc_routed.rpt"/>
  <File Type="ROUTE-METHODOLOGY-DRC-RPX" Name="system_top_methodology_drc_routed.rpx"/>
  <File Type="ROUTE-METHODOLOGY-DRC-PB" Name="system_top_methodology_drc_routed.pb"/>
  <File Type="ROUTE-PWR-RPX" Name="system_top_power_routed.rpx"/>
  <File Type="ROUTE-STATUS" Name="system_top_route_status.rpt"/>
  <File Type="ROUTE-STATUS-PB" Name="system_top_route_status.pb"/>
  <File Type="ROUTE-TIMINGSUMMARY" Name="system_top_timing_summary_routed.rpt"/>
  <File Type="ROUTE-TIMING-PB" Name="system_top_timing_summary_routed.pb"/>
  <File Type="ROUTE-TIMING-RPX" Name="system_top_timing_summary_routed.rpx"/>
  <File Type="ROUTE-SIMILARITY" Name="system_top_incremental_reuse_routed.rpt"/>
  <File Type="ROUTE-CLK" Name="system_top_clock_utilization_routed.rpt"/>
  <File Type="ROUTE-BUS-SKEW" Name="system_top_bus_skew_routed.rpt"/>
  <File Type="ROUTE-BUS-SKEW-PB" Name="system_top_bus_skew_routed.pb"/>
  <File Type="ROUTE-BUS-SKEW-RPX" Name="system_top_bus_skew_routed.rpx"/>
  <File Type="POSTROUTE-PHYSOPT-DCP" Name="system_top_postroute_physopt.dcp"/>
  <File Type="POSTROUTE-PHYSOPT-BLACKBOX-DCP" Name="system_top_postroute_physopt_bb.dcp"/>
  <File Type="POSTROUTE-PHYSOPT-TIMING" Name="system_top_timing_summary_postroute_physopted.rpt"/>
  <File Type="POSTROUTE-PHYSOPT-TIMING-PB" Name="system_top_timing_summary_postroute_physopted.pb"/>
  <File Type="POSTROUTE-PHYSOPT-TIMING-RPX" Name="system_top_timing_summary_postroute_physopted.rpx"/>
  <File Type="POSTROUTE-PHYSOPT-BUS-SKEW" Name="system_top_bus_skew_postroute_physopted.rpt"/>
  <File Type="POSTROUTE-PHYSOPT-BUS-SKEW-PB" Name="system_top_bus_skew_postroute_physopted.pb"/>
  <File Type="BG-BIT" Name="system_top.bit"/>
  <File Type="POSTROUTE-PHYSOPT-BUS-SKEW-RPX" Name="system_top_bus_skew_postroute_physopted.rpx"/>
  <File Type="BITSTR-RBT" Name="system_top.rbt"/>
  <File Type="BITSTR-NKY" Name="system_top.nky"/>
  <File Type="PDI-FILE" Name="system_top.pdi"/>
  <File Type="RCFI_FILE" Name="system_top.rcfi"/>
  <File Type="CFI_FILE" Name="system_top.cfi"/>
  <File Type="RNPI_FILE" Name="system_top.rnpi"/>
  <File Type="NPI_FILE" Name="system_top.npi"/>
  <File Type="RBD_FILE" Name="system_top.rbd"/>
  <File Type="BITSTR-LTX" Name="debug_nets.ltx"/>
  <File Type="BITSTR-LTX" Name="system_top.ltx"/>
  <File Type="BITSTR-SYSDEF" Name="system_top.sysdef"/>
  <File Type="BG-BGN" Name="system_top.bgn"/>
  <File Type="BG-DRC" Name="system_top.drc"/>
  <File Type="RDI-RDI" Name="system_top.vdi"/>
  <File Type="WBT-USG" Name="usage_statistics_webtalk.html"/>
  <FileSet Name="sources" Type="DesignSrcs" RelSrcDir="$PSRCDIR/sources_1">
    <Filter Type="Srcs"/>
    <File Path="$PSRCDIR/sources_1/ip/reset_gen/reset_gen.xci">
      <FileInfo>
        <Attr Name="ImportPath" Val="$PPRDIR/../../FPGA_Proj/RMUX4/hw/ip/reset_gen/reset_gen.xci"/>
        <Attr Name="ImportTime" Val="1700841221"/>
        <Attr Name="UsedIn" Val="synthesis"/>
        <Attr Name="UsedIn" Val="implementation"/>
        <Attr Name="UsedIn" Val="simulation"/>
      </FileInfo>
    </File>
    <File Path="$PSRCDIR/sources_1/ip/clock_generator/clock_generator.xci">
      <FileInfo>
        <Attr Name="ImportPath" Val="$PPRDIR/../../FPGA_Proj/RMUX4/hw/ip/clock_generator/clock_generator.xci"/>
        <Attr Name="ImportTime" Val="1700841221"/>
        <Attr Name="UsedIn" Val="synthesis"/>
        <Attr Name="UsedIn" Val="implementation"/>
        <Attr Name="UsedIn" Val="simulation"/>
      </FileInfo>
    </File>
    <File Path="$PSRCDIR/sources_1/imports/rtl/AES_Comp.v">
      <FileInfo>
        <Attr Name="ImportPath" Val="$PPRDIR/../../FPGA_Proj/RMUX4/hw/rtl/AES_Comp.v"/>
        <Attr Name="ImportTime" Val="1700841221"/>
        <Attr Name="UsedIn" Val="synthesis"/>
        <Attr Name="UsedIn" Val="implementation"/>
        <Attr Name="UsedIn" Val="simulation"/>
      </FileInfo>
    </File>
    <File Path="$PSRCDIR/sources_1/imports/rtl/uart/rxuartlite.v">
      <FileInfo>
        <Attr Name="ImportPath" Val="$PPRDIR/../../FPGA_Proj/RMUX4/hw/rtl/uart/rxuartlite.v"/>
        <Attr Name="ImportTime" Val="1700841221"/>
        <Attr Name="UsedIn" Val="synthesis"/>
        <Attr Name="UsedIn" Val="implementation"/>
        <Attr Name="UsedIn" Val="simulation"/>
      </FileInfo>
    </File>
    <File Path="$PSRCDIR/sources_1/imports/rtl/uart/txuartlite.v">
      <FileInfo>
        <Attr Name="ImportPath" Val="$PPRDIR/../../FPGA_Proj/RMUX4/hw/rtl/uart/txuartlite.v"/>
        <Attr Name="ImportTime" Val="1700841221"/>
        <Attr Name="UsedIn" Val="synthesis"/>
        <Attr Name="UsedIn" Val="implementation"/>
        <Attr Name="UsedIn" Val="simulation"/>
      </FileInfo>
    </File>
    <File Path="$PSRCDIR/sources_1/imports/rtl/packages/design_package.vhd">
      <FileInfo>
        <Attr Name="ImportPath" Val="$PPRDIR/../../FPGA_Proj/RMUX4/hw/rtl/packages/design_package.vhd"/>
        <Attr Name="ImportTime" Val="1700841221"/>
        <Attr Name="UsedIn" Val="synthesis"/>
        <Attr Name="UsedIn" Val="simulation"/>
      </FileInfo>
    </File>
    <File Path="$PSRCDIR/sources_1/imports/rtl/general/BRAM_dual_clock.vhd">
      <FileInfo>
        <Attr Name="ImportPath" Val="$PPRDIR/../../FPGA_Proj/RMUX4/hw/rtl/general/BRAM_dual_clock.vhd"/>
        <Attr Name="ImportTime" Val="1700841221"/>
        <Attr Name="UsedIn" Val="synthesis"/>
        <Attr Name="UsedIn" Val="simulation"/>
      </FileInfo>
    </File>
    <File Path="$PSRCDIR/sources_1/imports/rtl/general/FSM_FIFO.vhd">
      <FileInfo>
        <Attr Name="ImportPath" Val="$PPRDIR/../../FPGA_Proj/RMUX4/hw/rtl/general/FSM_FIFO.vhd"/>
        <Attr Name="ImportTime" Val="1700841221"/>
        <Attr Name="UsedIn" Val="synthesis"/>
        <Attr Name="UsedIn" Val="simulation"/>
      </FileInfo>
    </File>
    <File Path="$PSRCDIR/sources_1/imports/rtl/uart/UART.vhd">
      <FileInfo>
        <Attr Name="ImportPath" Val="$PPRDIR/../../FPGA_Proj/RMUX4/hw/rtl/uart/UART.vhd"/>
        <Attr Name="ImportTime" Val="1700841221"/>
        <Attr Name="UsedIn" Val="synthesis"/>
        <Attr Name="UsedIn" Val="simulation"/>
      </FileInfo>
    </File>
    <File Path="$PSRCDIR/sources_1/imports/rtl/io_controller/address_dec.vhd">
      <FileInfo>
        <Attr Name="ImportPath" Val="$PPRDIR/../../FPGA_Proj/RMUX4/hw/rtl/io_controller/address_dec.vhd"/>
        <Attr Name="ImportTime" Val="1700841221"/>
        <Attr Name="UsedIn" Val="synthesis"/>
        <Attr Name="UsedIn" Val="simulation"/>
      </FileInfo>
    </File>
    <File Path="$PSRCDIR/sources_1/imports/rtl/io_controller/config_registers.vhd">
      <FileInfo>
        <Attr Name="ImportPath" Val="$PPRDIR/../../FPGA_Proj/RMUX4/hw/rtl/io_controller/config_registers.vhd"/>
        <Attr Name="ImportTime" Val="1700841221"/>
        <Attr Name="UsedIn" Val="synthesis"/>
        <Attr Name="UsedIn" Val="simulation"/>
      </FileInfo>
    </File>
    <File Path="$PSRCDIR/sources_1/imports/rtl/general/counter_up.vhd">
      <FileInfo>
        <Attr Name="ImportPath" Val="$PPRDIR/../../FPGA_Proj/RMUX4/hw/rtl/general/counter_up.vhd"/>
        <Attr Name="ImportTime" Val="1700841221"/>
        <Attr Name="UsedIn" Val="synthesis"/>
        <Attr Name="UsedIn" Val="simulation"/>
      </FileInfo>
    </File>
    <File Path="$PSRCDIR/sources_1/imports/rtl/io_controller/data_dec.vhd">
      <FileInfo>
        <Attr Name="ImportPath" Val="$PPRDIR/../../FPGA_Proj/RMUX4/hw/rtl/io_controller/data_dec.vhd"/>
        <Attr Name="ImportTime" Val="1700841221"/>
        <Attr Name="UsedIn" Val="synthesis"/>
        <Attr Name="UsedIn" Val="simulation"/>
      </FileInfo>
    </File>
    <File Path="$PSRCDIR/sources_1/imports/rtl/io_controller/data_enc.vhd">
      <FileInfo>
        <Attr Name="ImportPath" Val="$PPRDIR/../../FPGA_Proj/RMUX4/hw/rtl/io_controller/data_enc.vhd"/>
        <Attr Name="ImportTime" Val="1700841221"/>
        <Attr Name="UsedIn" Val="synthesis"/>
        <Attr Name="UsedIn" Val="simulation"/>
      </FileInfo>
    </File>
    <File Path="$PSRCDIR/sources_1/imports/rtl/io_controller/io_controller_fifo_aes.vhd">
      <FileInfo>
        <Attr Name="ImportPath" Val="$PPRDIR/../../FPGA_Proj/RMUX4/hw/rtl/io_controller/io_controller_fifo_aes.vhd"/>
        <Attr Name="ImportTime" Val="1700841221"/>
        <Attr Name="UsedIn" Val="synthesis"/>
        <Attr Name="UsedIn" Val="simulation"/>
      </FileInfo>
    </File>
    <File Path="$PSRCDIR/sources_1/imports/rtl/io_controller/io_fsm_fifo_aes.vhd">
      <FileInfo>
        <Attr Name="ImportPath" Val="$PPRDIR/../../FPGA_Proj/RMUX4/hw/rtl/io_controller/io_fsm_fifo_aes.vhd"/>
        <Attr Name="ImportTime" Val="1700841221"/>
        <Attr Name="UsedIn" Val="synthesis"/>
        <Attr Name="UsedIn" Val="simulation"/>
      </FileInfo>
    </File>
    <File Path="$PSRCDIR/sources_1/imports/rtl/io_wrapper.vhd">
      <FileInfo>
        <Attr Name="ImportPath" Val="$PPRDIR/../../FPGA_Proj/RMUX4/hw/rtl/io_wrapper.vhd"/>
        <Attr Name="ImportTime" Val="1700841221"/>
        <Attr Name="UsedIn" Val="synthesis"/>
        <Attr Name="UsedIn" Val="simulation"/>
      </FileInfo>
    </File>
    <File Path="$PSRCDIR/sources_1/new/mux_sensor.vhd">
      <FileInfo>
        <Attr Name="UsedIn" Val="synthesis"/>
        <Attr Name="UsedIn" Val="simulation"/>
      </FileInfo>
    </File>
    <File Path="$PSRCDIR/sources_1/imports/rtl/read_traces.vhd">
      <FileInfo>
        <Attr Name="ImportPath" Val="$PPRDIR/../../FPGA_Proj/RMUX4/hw/rtl/read_traces.vhd"/>
        <Attr Name="ImportTime" Val="1700841221"/>
        <Attr Name="UsedIn" Val="synthesis"/>
        <Attr Name="UsedIn" Val="simulation"/>
      </FileInfo>
    </File>
    <File Path="$PSRCDIR/sources_1/imports/rtl/reset_wrapper.vhd">
      <FileInfo>
        <Attr Name="ImportPath" Val="$PPRDIR/../../FPGA_Proj/RMUX4/hw/rtl/reset_wrapper.vhd"/>
        <Attr Name="ImportTime" Val="1700841221"/>
        <Attr Name="UsedIn" Val="synthesis"/>
        <Attr Name="UsedIn" Val="simulation"/>
      </FileInfo>
    </File>
    <File Path="$PSRCDIR/sources_1/imports/rtl/sensor/sensor.vhd">
      <FileInfo>
        <Attr Name="ImportPath" Val="$PPRDIR/../../FPGA_Proj/RMUX4/hw/rtl/sensor/sensor.vhd"/>
        <Attr Name="ImportTime" Val="1700841221"/>
        <Attr Name="UsedIn" Val="synthesis"/>
        <Attr Name="UsedIn" Val="simulation"/>
      </FileInfo>
    </File>
    <File Path="$PSRCDIR/sources_1/imports/rtl/sensor/sensor_top.vhd">
      <FileInfo>
        <Attr Name="ImportPath" Val="$PPRDIR/../../FPGA_Proj/RMUX4/hw/rtl/sensor/sensor_top.vhd"/>
        <Attr Name="ImportTime" Val="1700841221"/>
        <Attr Name="UsedIn" Val="synthesis"/>
        <Attr Name="UsedIn" Val="simulation"/>
      </FileInfo>
    </File>
    <File Path="$PSRCDIR/sources_1/imports/rtl/sig_delay.vhd">
      <FileInfo>
        <Attr Name="ImportPath" Val="$PPRDIR/../../FPGA_Proj/RMUX4/hw/rtl/sig_delay.vhd"/>
        <Attr Name="ImportTime" Val="1700841221"/>
        <Attr Name="UsedIn" Val="synthesis"/>
        <Attr Name="UsedIn" Val="simulation"/>
      </FileInfo>
    </File>
    <File Path="$PSRCDIR/sources_1/imports/rtl/xadc.vhd">
      <FileInfo>
        <Attr Name="ImportPath" Val="$PPRDIR/../../FPGA_Proj/RMUX4/hw/rtl/xadc.vhd"/>
        <Attr Name="ImportTime" Val="1700841221"/>
        <Attr Name="UsedIn" Val="synthesis"/>
        <Attr Name="UsedIn" Val="simulation"/>
      </FileInfo>
    </File>
    <File Path="$PSRCDIR/sources_1/imports/rtl/system_top_artix7_fifo_aes.vhd">
      <FileInfo>
        <Attr Name="ImportPath" Val="$PPRDIR/../../FPGA_Proj/RMUX4/hw/rtl/system_top_artix7_fifo_aes.vhd"/>
        <Attr Name="ImportTime" Val="1700841221"/>
        <Attr Name="UsedIn" Val="synthesis"/>
        <Attr Name="UsedIn" Val="simulation"/>
      </FileInfo>
    </File>
    <Config>
      <Option Name="DesignMode" Val="RTL"/>
      <Option Name="TopModule" Val="system_top"/>
      <Option Name="TopAutoSet" Val="TRUE"/>
    </Config>
  </FileSet>
  <FileSet Name="constrs_in" Type="Constrs" RelSrcDir="$PSRCDIR/constrs_1">
    <Filter Type="Constrs"/>
    <File Path="$PSRCDIR/constrs_1/imports/xdc/constraints_MUXLeak.xdc">
      <FileInfo>
        <Attr Name="UsedIn" Val="synthesis"/>
        <Attr Name="UsedIn" Val="implementation"/>
      </FileInfo>
    </File>
    <Config>
      <Option Name="ConstrsType" Val="XDC"/>
    </Config>
  </FileSet>
  <FileSet Name="utils" Type="Utils" RelSrcDir="$PSRCDIR/utils_1">
    <Filter Type="Utils"/>
    <Config>
      <Option Name="TopAutoSet" Val="TRUE"/>
    </Config>
  </FileSet>
  <Strategy Version="1" Minor="2">
    <StratHandle Name="Vivado Implementation Defaults" Flow="Vivado Implementation 2020"/>
    <Step Id="init_design"/>
    <Step Id="opt_design"/>
    <Step Id="power_opt_design"/>
    <Step Id="place_design"/>
    <Step Id="post_place_power_opt_design"/>
    <Step Id="phys_opt_design"/>
    <Step Id="route_design"/>
    <Step Id="post_route_phys_opt_design"/>
    <Step Id="write_bitstream"/>
  </Strategy>
  <BlockFileSet Type="BlockSrcs" Name="fifo_generator_0"/>
</GenRun>
