<?xml version="1.0" encoding="UTF-8"?>
<GenRun Id="synth_1" LaunchPart="xc7a35tcpg236-1" LaunchTime="1725261775">
  <File Type="PA-TCL" Name="system_top.tcl"/>
  <File Type="RDS-PROPCONSTRS" Name="system_top_drc_synth.rpt"/>
  <File Type="REPORTS-TCL" Name="system_top_reports.tcl"/>
  <File Type="RDS-RDS" Name="system_top.vds"/>
  <File Type="RDS-UTIL" Name="system_top_utilization_synth.rpt"/>
  <File Type="RDS-UTIL-PB" Name="system_top_utilization_synth.pb"/>
  <File Type="RDS-DCP" Name="system_top.dcp"/>
  <File Type="VDS-TIMINGSUMMARY" Name="system_top_timing_summary_synth.rpt"/>
  <File Type="VDS-TIMING-PB" Name="system_top_timing_summary_synth.pb"/>
  <FileSet Name="sources" Type="DesignSrcs" RelSrcDir="$PSRCDIR/sources_1">
    <Filter Type="Srcs"/>
    <File Path="$PSRCDIR/sources_1/ip/reset_gen/reset_gen.xci">
      <FileInfo>
        <Attr Name="ImportPath" Val="$PPRDIR/../../FPGA_Proj/RMUX4/hw/ip/reset_gen/reset_gen.xci"/>
        <Attr Name="ImportTime" Val="1700841221"/>
        <Attr Name="UsedIn" Val="synthesis"/>
        <Attr Name="UsedIn" Val="implementation"/>
        <Attr Name="UsedIn" Val="simulation"/>
      </FileInfo>
    </File>
    <File Path="$PSRCDIR/sources_1/ip/clock_generator/clock_generator.xci">
      <FileInfo>
        <Attr Name="ImportPath" Val="$PPRDIR/../../FPGA_Proj/RMUX4/hw/ip/clock_generator/clock_generator.xci"/>
        <Attr Name="ImportTime" Val="1700841221"/>
        <Attr Name="UsedIn" Val="synthesis"/>
        <Attr Name="UsedIn" Val="implementation"/>
        <Attr Name="UsedIn" Val="simulation"/>
      </FileInfo>
    </File>
    <File Path="$PSRCDIR/sources_1/imports/rtl/AES_Comp.v">
      <FileInfo>
        <Attr Name="ImportPath" Val="$PPRDIR/../../FPGA_Proj/RMUX4/hw/rtl/AES_Comp.v"/>
        <Attr Name="ImportTime" Val="1700841221"/>
        <Attr Name="UsedIn" Val="synthesis"/>
        <Attr Name="UsedIn" Val="implementation"/>
        <Attr Name="UsedIn" Val="simulation"/>
      </FileInfo>
    </File>
    <File Path="$PSRCDIR/sources_1/imports/rtl/uart/rxuartlite.v">
      <FileInfo>
        <Attr Name="ImportPath" Val="$PPRDIR/../../FPGA_Proj/RMUX4/hw/rtl/uart/rxuartlite.v"/>
        <Attr Name="ImportTime" Val="1700841221"/>
        <Attr Name="UsedIn" Val="synthesis"/>
        <Attr Name="UsedIn" Val="implementation"/>
        <Attr Name="UsedIn" Val="simulation"/>
      </FileInfo>
    </File>
    <File Path="$PSRCDIR/sources_1/imports/rtl/uart/txuartlite.v">
      <FileInfo>
        <Attr Name="ImportPath" Val="$PPRDIR/../../FPGA_Proj/RMUX4/hw/rtl/uart/txuartlite.v"/>
        <Attr Name="ImportTime" Val="1700841221"/>
        <Attr Name="UsedIn" Val="synthesis"/>
        <Attr Name="UsedIn" Val="implementation"/>
        <Attr Name="UsedIn" Val="simulation"/>
      </FileInfo>
    </File>
    <File Path="$PSRCDIR/sources_1/imports/rtl/packages/design_package.vhd">
      <FileInfo>
        <Attr Name="ImportPath" Val="$PPRDIR/../../FPGA_Proj/RMUX4/hw/rtl/packages/design_package.vhd"/>
        <Attr Name="ImportTime" Val="1700841221"/>
        <Attr Name="UsedIn" Val="synthesis"/>
        <Attr Name="UsedIn" Val="simulation"/>
      </FileInfo>
    </File>
    <File Path="$PSRCDIR/sources_1/imports/rtl/general/BRAM_dual_clock.vhd">
      <FileInfo>
        <Attr Name="ImportPath" Val="$PPRDIR/../../FPGA_Proj/RMUX4/hw/rtl/general/BRAM_dual_clock.vhd"/>
        <Attr Name="ImportTime" Val="1700841221"/>
        <Attr Name="UsedIn" Val="synthesis"/>
        <Attr Name="UsedIn" Val="simulation"/>
      </FileInfo>
    </File>
    <File Path="$PSRCDIR/sources_1/imports/rtl/general/FSM_FIFO.vhd">
      <FileInfo>
        <Attr Name="ImportPath" Val="$PPRDIR/../../FPGA_Proj/RMUX4/hw/rtl/general/FSM_FIFO.vhd"/>
        <Attr Name="ImportTime" Val="1700841221"/>
        <Attr Name="UsedIn" Val="synthesis"/>
        <Attr Name="UsedIn" Val="simulation"/>
      </FileInfo>
    </File>
    <File Path="$PSRCDIR/sources_1/imports/rtl/uart/UART.vhd">
      <FileInfo>
        <Attr Name="ImportPath" Val="$PPRDIR/../../FPGA_Proj/RMUX4/hw/rtl/uart/UART.vhd"/>
        <Attr Name="ImportTime" Val="1700841221"/>
        <Attr Name="UsedIn" Val="synthesis"/>
        <Attr Name="UsedIn" Val="simulation"/>
      </FileInfo>
    </File>
    <File Path="$PSRCDIR/sources_1/imports/rtl/io_controller/address_dec.vhd">
      <FileInfo>
        <Attr Name="ImportPath" Val="$PPRDIR/../../FPGA_Proj/RMUX4/hw/rtl/io_controller/address_dec.vhd"/>
        <Attr Name="ImportTime" Val="1700841221"/>
        <Attr Name="UsedIn" Val="synthesis"/>
        <Attr Name="UsedIn" Val="simulation"/>
      </FileInfo>
    </File>
    <File Path="$PSRCDIR/sources_1/imports/rtl/io_controller/config_registers.vhd">
      <FileInfo>
        <Attr Name="ImportPath" Val="$PPRDIR/../../FPGA_Proj/RMUX4/hw/rtl/io_controller/config_registers.vhd"/>
        <Attr Name="ImportTime" Val="1700841221"/>
        <Attr Name="UsedIn" Val="synthesis"/>
        <Attr Name="UsedIn" Val="simulation"/>
      </FileInfo>
    </File>
    <File Path="$PSRCDIR/sources_1/imports/rtl/general/counter_up.vhd">
      <FileInfo>
        <Attr Name="ImportPath" Val="$PPRDIR/../../FPGA_Proj/RMUX4/hw/rtl/general/counter_up.vhd"/>
        <Attr Name="ImportTime" Val="1700841221"/>
        <Attr Name="UsedIn" Val="synthesis"/>
        <Attr Name="UsedIn" Val="simulation"/>
      </FileInfo>
    </File>
    <File Path="$PSRCDIR/sources_1/imports/rtl/io_controller/data_dec.vhd">
      <FileInfo>
        <Attr Name="ImportPath" Val="$PPRDIR/../../FPGA_Proj/RMUX4/hw/rtl/io_controller/data_dec.vhd"/>
        <Attr Name="ImportTime" Val="1700841221"/>
        <Attr Name="UsedIn" Val="synthesis"/>
        <Attr Name="UsedIn" Val="simulation"/>
      </FileInfo>
    </File>
    <File Path="$PSRCDIR/sources_1/imports/rtl/io_controller/data_enc.vhd">
      <FileInfo>
        <Attr Name="ImportPath" Val="$PPRDIR/../../FPGA_Proj/RMUX4/hw/rtl/io_controller/data_enc.vhd"/>
        <Attr Name="ImportTime" Val="1700841221"/>
        <Attr Name="UsedIn" Val="synthesis"/>
        <Attr Name="UsedIn" Val="simulation"/>
      </FileInfo>
    </File>
    <File Path="$PSRCDIR/sources_1/imports/rtl/io_controller/io_controller_fifo_aes.vhd">
      <FileInfo>
        <Attr Name="ImportPath" Val="$PPRDIR/../../FPGA_Proj/RMUX4/hw/rtl/io_controller/io_controller_fifo_aes.vhd"/>
        <Attr Name="ImportTime" Val="1700841221"/>
        <Attr Name="UsedIn" Val="synthesis"/>
        <Attr Name="UsedIn" Val="simulation"/>
      </FileInfo>
    </File>
    <File Path="$PSRCDIR/sources_1/imports/rtl/io_controller/io_fsm_fifo_aes.vhd">
      <FileInfo>
        <Attr Name="ImportPath" Val="$PPRDIR/../../FPGA_Proj/RMUX4/hw/rtl/io_controller/io_fsm_fifo_aes.vhd"/>
        <Attr Name="ImportTime" Val="1700841221"/>
        <Attr Name="UsedIn" Val="synthesis"/>
        <Attr Name="UsedIn" Val="simulation"/>
      </FileInfo>
    </File>
    <File Path="$PSRCDIR/sources_1/imports/rtl/io_wrapper.vhd">
      <FileInfo>
        <Attr Name="ImportPath" Val="$PPRDIR/../../FPGA_Proj/RMUX4/hw/rtl/io_wrapper.vhd"/>
        <Attr Name="ImportTime" Val="1700841221"/>
        <Attr Name="UsedIn" Val="synthesis"/>
        <Attr Name="UsedIn" Val="simulation"/>
      </FileInfo>
    </File>
    <File Path="$PSRCDIR/sources_1/new/mux_sensor.vhd">
      <FileInfo>
        <Attr Name="UsedIn" Val="synthesis"/>
        <Attr Name="UsedIn" Val="simulation"/>
      </FileInfo>
    </File>
    <File Path="$PSRCDIR/sources_1/imports/rtl/read_traces.vhd">
      <FileInfo>
        <Attr Name="ImportPath" Val="$PPRDIR/../../FPGA_Proj/RMUX4/hw/rtl/read_traces.vhd"/>
        <Attr Name="ImportTime" Val="1700841221"/>
        <Attr Name="UsedIn" Val="synthesis"/>
        <Attr Name="UsedIn" Val="simulation"/>
      </FileInfo>
    </File>
    <File Path="$PSRCDIR/sources_1/imports/rtl/reset_wrapper.vhd">
      <FileInfo>
        <Attr Name="ImportPath" Val="$PPRDIR/../../FPGA_Proj/RMUX4/hw/rtl/reset_wrapper.vhd"/>
        <Attr Name="ImportTime" Val="1700841221"/>
        <Attr Name="UsedIn" Val="synthesis"/>
        <Attr Name="UsedIn" Val="simulation"/>
      </FileInfo>
    </File>
    <File Path="$PSRCDIR/sources_1/imports/rtl/sensor/sensor.vhd">
      <FileInfo>
        <Attr Name="ImportPath" Val="$PPRDIR/../../FPGA_Proj/RMUX4/hw/rtl/sensor/sensor.vhd"/>
        <Attr Name="ImportTime" Val="1700841221"/>
        <Attr Name="UsedIn" Val="synthesis"/>
        <Attr Name="UsedIn" Val="simulation"/>
      </FileInfo>
    </File>
    <File Path="$PSRCDIR/sources_1/imports/rtl/sensor/sensor_top.vhd">
      <FileInfo>
        <Attr Name="ImportPath" Val="$PPRDIR/../../FPGA_Proj/RMUX4/hw/rtl/sensor/sensor_top.vhd"/>
        <Attr Name="ImportTime" Val="1700841221"/>
        <Attr Name="UsedIn" Val="synthesis"/>
        <Attr Name="UsedIn" Val="simulation"/>
      </FileInfo>
    </File>
    <File Path="$PSRCDIR/sources_1/imports/rtl/sig_delay.vhd">
      <FileInfo>
        <Attr Name="ImportPath" Val="$PPRDIR/../../FPGA_Proj/RMUX4/hw/rtl/sig_delay.vhd"/>
        <Attr Name="ImportTime" Val="1700841221"/>
        <Attr Name="UsedIn" Val="synthesis"/>
        <Attr Name="UsedIn" Val="simulation"/>
      </FileInfo>
    </File>
    <File Path="$PSRCDIR/sources_1/imports/rtl/xadc.vhd">
      <FileInfo>
        <Attr Name="ImportPath" Val="$PPRDIR/../../FPGA_Proj/RMUX4/hw/rtl/xadc.vhd"/>
        <Attr Name="ImportTime" Val="1700841221"/>
        <Attr Name="UsedIn" Val="synthesis"/>
        <Attr Name="UsedIn" Val="simulation"/>
      </FileInfo>
    </File>
    <File Path="$PSRCDIR/sources_1/imports/rtl/system_top_artix7_fifo_aes.vhd">
      <FileInfo>
        <Attr Name="ImportPath" Val="$PPRDIR/../../FPGA_Proj/RMUX4/hw/rtl/system_top_artix7_fifo_aes.vhd"/>
        <Attr Name="ImportTime" Val="1700841221"/>
        <Attr Name="UsedIn" Val="synthesis"/>
        <Attr Name="UsedIn" Val="simulation"/>
      </FileInfo>
    </File>
    <Config>
      <Option Name="DesignMode" Val="RTL"/>
      <Option Name="TopModule" Val="system_top"/>
      <Option Name="TopAutoSet" Val="TRUE"/>
    </Config>
  </FileSet>
  <FileSet Name="constrs_in" Type="Constrs" RelSrcDir="$PSRCDIR/constrs_1">
    <Filter Type="Constrs"/>
    <File Path="$PSRCDIR/constrs_1/imports/xdc/constraints_MUXLeak.xdc">
      <FileInfo>
        <Attr Name="UsedIn" Val="synthesis"/>
        <Attr Name="UsedIn" Val="implementation"/>
      </FileInfo>
    </File>
    <Config>
      <Option Name="ConstrsType" Val="XDC"/>
    </Config>
  </FileSet>
  <FileSet Name="utils" Type="Utils" RelSrcDir="$PSRCDIR/utils_1">
    <Filter Type="Utils"/>
    <Config>
      <Option Name="TopAutoSet" Val="TRUE"/>
    </Config>
  </FileSet>
  <Strategy Version="1" Minor="2">
    <StratHandle Name="Vivado Synthesis Defaults" Flow="Vivado Synthesis 2020"/>
    <Step Id="synth_design"/>
  </Strategy>
  <BlockFileSet Type="BlockSrcs" Name="fifo_generator_0"/>
</GenRun>
