<?xml version="1.0"?>
<Runs Version="1" Minor="0">
	<Run Id="design_1_zynq_ultra_ps_e_0_0_synth_1" LaunchDir="/home/zjj/work/3eg/3eg.runs/design_1_zynq_ultra_ps_e_0_0_synth_1" FlowId="Vivado_Synthesis" FromStepId="vivado" ToStepId="vivado"/>
	<Run Id="design_1_auto_cc_0_synth_1" LaunchDir="/home/zjj/work/3eg/3eg.runs/design_1_auto_cc_0_synth_1" FlowId="Vivado_Synthesis" FromStepId="vivado" ToStepId="vivado"/>
	<Run Id="synth_1" LaunchDir="/home/zjj/work/3eg/3eg.runs/synth_1" FlowId="Vivado_Synthesis" FromStepId="vivado" ToStepId="vivado">
		<Parent Id="design_1_zynq_ultra_ps_e_0_0_synth_1"/>
		<Parent Id="design_1_auto_cc_0_synth_1"/>
	</Run>
	<Run Id="impl_1" LaunchDir="/home/zjj/work/3eg/3eg.runs/impl_1" FlowId="Vivado_Implementation" FromStepId="init_design" ToStepId="route_design">
		<Parent Id="synth_1"/>
		<Parent Id="design_1_zynq_ultra_ps_e_0_0_synth_1"/>
		<Parent Id="design_1_auto_cc_0_synth_1"/>
	</Run>
	<Parameters>
		<Parameter Name="runs.monitorLSFJobs" Val="true" Type="bool"/>
	</Parameters>
</Runs>

