<?xml version="1.0"?>
<Runs Version="1" Minor="0">
	<Run Id="design_1_rmuxmp_0_0_synth_1" LaunchDir="/home/zjj/work/3eg/3eg.runs/design_1_rmuxmp_0_0_synth_1" FlowId="Vivado_Synthesis" FromStepId="vivado" ToStepId="vivado"/>
	<Run Id="design_1_rmuxmp_0_2_synth_1" LaunchDir="/home/zjj/work/3eg/3eg.runs/design_1_rmuxmp_0_2_synth_1" FlowId="Vivado_Synthesis" FromStepId="vivado" ToStepId="vivado" IsOrderedIPRun="true">
		<Parent Id="design_1_rmuxmp_0_0_synth_1"/>
	</Run>
	<Run Id="design_1_rmuxmp_2_0_synth_1" LaunchDir="/home/zjj/work/3eg/3eg.runs/design_1_rmuxmp_2_0_synth_1" FlowId="Vivado_Synthesis" FromStepId="vivado" ToStepId="vivado" IsOrderedIPRun="true">
		<Parent Id="design_1_rmuxmp_0_0_synth_1"/>
	</Run>
	<Run Id="design_1_rmuxmp_3_0_synth_1" LaunchDir="/home/zjj/work/3eg/3eg.runs/design_1_rmuxmp_3_0_synth_1" FlowId="Vivado_Synthesis" FromStepId="vivado" ToStepId="vivado" IsOrderedIPRun="true">
		<Parent Id="design_1_rmuxmp_0_0_synth_1"/>
	</Run>
	<Parameters>
		<Parameter Name="runs.monitorLSFJobs" Val="true" Type="bool"/>
	</Parameters>
</Runs>

