<?xml version="1.0" encoding="UTF-8" ?>
<webTalkData  fileName='usage_statistics_webtalk.xml'  majorVersion='1' minorVersion='0' timeStamp='Sun Feb 25 22:02:25 2024'>
<section name="__ROOT__" level="0" order="1" description="">
 <section name="software_version_and_target_device" level="1" order="1" description="">
  <keyValuePair key="beta" value="FALSE" description="" />
  <keyValuePair key="build_version" value="2552052" description="" />
  <keyValuePair key="date_generated" value="Sun Feb 25 22:02:25 2024" description="" />
  <keyValuePair key="os_platform" value="LIN64" description="" />
  <keyValuePair key="product_version" value="Vivado v2019.1 (64-bit)" description="" />
  <keyValuePair key="project_id" value="d5d106f92e274dfda8f408f255f34915" description="" />
  <keyValuePair key="project_iteration" value="10" description="" />
  <keyValuePair key="random_id" value="29c374a018605bd3b31c7550304b61d4" description="" />
  <keyValuePair key="registration_id" value="29c374a018605bd3b31c7550304b61d4" description="" />
  <keyValuePair key="route_design" value="TRUE" description="" />
  <keyValuePair key="target_device" value="xczu3eg" description="" />
  <keyValuePair key="target_family" value="zynquplus" description="" />
  <keyValuePair key="target_package" value="sfvc784" description="" />
  <keyValuePair key="target_speed" value="-1" description="" />
  <keyValuePair key="tool_flow" value="Vivado" description="" />
 </section>
 <section name="user_environment" level="1" order="2" description="">
  <keyValuePair key="cpu_name" value="Intel(R) Core(TM) i7-10510U CPU @ 1.80GHz" description="" />
  <keyValuePair key="cpu_speed" value="2304.007 MHz" description="" />
  <keyValuePair key="os_name" value="Ubuntu" description="" />
  <keyValuePair key="os_release" value="Ubuntu 16.04.7 LTS" description="" />
  <keyValuePair key="system_ram" value="10.000 GB" description="" />
  <keyValuePair key="total_processors" value="2" description="" />
 </section>
 <section name="ip_statistics" level="1" order="3" description="">
  <section name="IP_Integrator/1" level="2" order="1" description="">
   <keyValuePair key="bdsource" value="USER" description="" />
   <keyValuePair key="core_container" value="NA" description="" />
   <keyValuePair key="da_axi4_cnt" value="7" description="" />
   <keyValuePair key="iptotal" value="1" description="" />
   <keyValuePair key="maxhierdepth" value="0" description="" />
   <keyValuePair key="numblks" value="17" description="" />
   <keyValuePair key="numhdlrefblks" value="0" description="" />
   <keyValuePair key="numhierblks" value="6" description="" />
   <keyValuePair key="numhlsblks" value="0" description="" />
   <keyValuePair key="numnonxlnxblks" value="4" description="" />
   <keyValuePair key="numpkgbdblks" value="0" description="" />
   <keyValuePair key="numreposblks" value="11" description="" />
   <keyValuePair key="numsysgenblks" value="0" description="" />
   <keyValuePair key="synth_mode" value="OOC_per_IP" description="" />
   <keyValuePair key="x_iplanguage" value="VHDL" description="" />
   <keyValuePair key="x_iplibrary" value="BlockDiagram" description="" />
   <keyValuePair key="x_ipname" value="design_1" description="" />
   <keyValuePair key="x_ipvendor" value="xilinx.com" description="" />
   <keyValuePair key="x_ipversion" value="1.00.a" description="" />
  </section>
  <section name="axi_clock_converter_v2_1_18_axi_clock_converter/1" level="2" order="2" description="">
   <keyValuePair key="c_axi_addr_width" value="5" description="" />
   <keyValuePair key="c_axi_aruser_width" value="1" description="" />
   <keyValuePair key="c_axi_awuser_width" value="1" description="" />
   <keyValuePair key="c_axi_buser_width" value="1" description="" />
   <keyValuePair key="c_axi_data_width" value="32" description="" />
   <keyValuePair key="c_axi_id_width" value="1" description="" />
   <keyValuePair key="c_axi_is_aclk_async" value="1" description="" />
   <keyValuePair key="c_axi_protocol" value="2" description="" />
   <keyValuePair key="c_axi_ruser_width" value="1" description="" />
   <keyValuePair key="c_axi_supports_read" value="1" description="" />
   <keyValuePair key="c_axi_supports_user_signals" value="0" description="" />
   <keyValuePair key="c_axi_supports_write" value="1" description="" />
   <keyValuePair key="c_axi_wuser_width" value="1" description="" />
   <keyValuePair key="c_family" value="zynquplus" description="" />
   <keyValuePair key="c_m_axi_aclk_ratio" value="2" description="" />
   <keyValuePair key="c_s_axi_aclk_ratio" value="1" description="" />
   <keyValuePair key="c_synchronizer_stage" value="3" description="" />
   <keyValuePair key="core_container" value="NA" description="" />
   <keyValuePair key="iptotal" value="2" description="" />
   <keyValuePair key="x_ipcorerevision" value="18" description="" />
   <keyValuePair key="x_iplanguage" value="VHDL" description="" />
   <keyValuePair key="x_iplibrary" value="ip" description="" />
   <keyValuePair key="x_ipname" value="axi_clock_converter" description="" />
   <keyValuePair key="x_ipproduct" value="Vivado 2019.1" description="" />
   <keyValuePair key="x_ipsimlanguage" value="MIXED" description="" />
   <keyValuePair key="x_ipvendor" value="xilinx.com" description="" />
   <keyValuePair key="x_ipversion" value="2.1" description="" />
  </section>
  <section name="axi_crossbar_v2_1_20_axi_crossbar/1" level="2" order="3" description="">
   <keyValuePair key="c_axi_addr_width" value="40" description="" />
   <keyValuePair key="c_axi_aruser_width" value="1" description="" />
   <keyValuePair key="c_axi_awuser_width" value="1" description="" />
   <keyValuePair key="c_axi_buser_width" value="1" description="" />
   <keyValuePair key="c_axi_data_width" value="32" description="" />
   <keyValuePair key="c_axi_id_width" value="1" description="" />
   <keyValuePair key="c_axi_protocol" value="2" description="" />
   <keyValuePair key="c_axi_ruser_width" value="1" description="" />
   <keyValuePair key="c_axi_supports_user_signals" value="0" description="" />
   <keyValuePair key="c_axi_wuser_width" value="1" description="" />
   <keyValuePair key="c_connectivity_mode" value="0" description="" />
   <keyValuePair key="c_family" value="zynquplus" description="" />
   <keyValuePair key="c_m_axi_addr_width" value="0x0000000c0000000c0000000c0000000c" description="" />
   <keyValuePair key="c_m_axi_base_addr" value="0x0000000080003000000000008000200000000000800010000000000080000000" description="" />
   <keyValuePair key="c_m_axi_read_connectivity" value="0x00000001000000010000000100000001" description="" />
   <keyValuePair key="c_m_axi_read_issuing" value="0x00000001000000010000000100000001" description="" />
   <keyValuePair key="c_m_axi_secure" value="0x00000000000000000000000000000000" description="" />
   <keyValuePair key="c_m_axi_write_connectivity" value="0x00000001000000010000000100000001" description="" />
   <keyValuePair key="c_m_axi_write_issuing" value="0x00000001000000010000000100000001" description="" />
   <keyValuePair key="c_num_addr_ranges" value="1" description="" />
   <keyValuePair key="c_num_master_slots" value="4" description="" />
   <keyValuePair key="c_num_slave_slots" value="1" description="" />
   <keyValuePair key="c_r_register" value="1" description="" />
   <keyValuePair key="c_s_axi_arb_priority" value="0x00000000" description="" />
   <keyValuePair key="c_s_axi_base_id" value="0x00000000" description="" />
   <keyValuePair key="c_s_axi_read_acceptance" value="0x00000001" description="" />
   <keyValuePair key="c_s_axi_single_thread" value="0x00000001" description="" />
   <keyValuePair key="c_s_axi_thread_id_width" value="0x00000000" description="" />
   <keyValuePair key="c_s_axi_write_acceptance" value="0x00000001" description="" />
   <keyValuePair key="core_container" value="NA" description="" />
   <keyValuePair key="iptotal" value="1" description="" />
   <keyValuePair key="x_ipcorerevision" value="20" description="" />
   <keyValuePair key="x_iplanguage" value="VHDL" description="" />
   <keyValuePair key="x_iplibrary" value="ip" description="" />
   <keyValuePair key="x_ipname" value="axi_crossbar" description="" />
   <keyValuePair key="x_ipproduct" value="Vivado 2019.1" description="" />
   <keyValuePair key="x_ipsimlanguage" value="MIXED" description="" />
   <keyValuePair key="x_ipvendor" value="xilinx.com" description="" />
   <keyValuePair key="x_ipversion" value="2.1" description="" />
  </section>
  <section name="axi_protocol_converter_v2_1_19_axi_protocol_converter/1" level="2" order="4" description="">
   <keyValuePair key="c_axi_addr_width" value="40" description="" />
   <keyValuePair key="c_axi_aruser_width" value="1" description="" />
   <keyValuePair key="c_axi_awuser_width" value="1" description="" />
   <keyValuePair key="c_axi_buser_width" value="1" description="" />
   <keyValuePair key="c_axi_data_width" value="32" description="" />
   <keyValuePair key="c_axi_id_width" value="16" description="" />
   <keyValuePair key="c_axi_ruser_width" value="1" description="" />
   <keyValuePair key="c_axi_supports_read" value="1" description="" />
   <keyValuePair key="c_axi_supports_user_signals" value="0" description="" />
   <keyValuePair key="c_axi_supports_write" value="1" description="" />
   <keyValuePair key="c_axi_wuser_width" value="1" description="" />
   <keyValuePair key="c_family" value="zynquplus" description="" />
   <keyValuePair key="c_ignore_id" value="0" description="" />
   <keyValuePair key="c_m_axi_protocol" value="2" description="" />
   <keyValuePair key="c_s_axi_protocol" value="0" description="" />
   <keyValuePair key="c_translation_mode" value="2" description="" />
   <keyValuePair key="core_container" value="NA" description="" />
   <keyValuePair key="iptotal" value="1" description="" />
   <keyValuePair key="x_ipcorerevision" value="19" description="" />
   <keyValuePair key="x_iplanguage" value="VHDL" description="" />
   <keyValuePair key="x_iplibrary" value="ip" description="" />
   <keyValuePair key="x_ipname" value="axi_protocol_converter" description="" />
   <keyValuePair key="x_ipproduct" value="Vivado 2019.1" description="" />
   <keyValuePair key="x_ipsimlanguage" value="MIXED" description="" />
   <keyValuePair key="x_ipvendor" value="xilinx.com" description="" />
   <keyValuePair key="x_ipversion" value="2.1" description="" />
  </section>
  <section name="proc_sys_reset/1" level="2" order="5" description="">
   <keyValuePair key="c_aux_reset_high" value="0" description="" />
   <keyValuePair key="c_aux_rst_width" value="4" description="" />
   <keyValuePair key="c_ext_reset_high" value="0" description="" />
   <keyValuePair key="c_ext_rst_width" value="4" description="" />
   <keyValuePair key="c_family" value="zynquplus" description="" />
   <keyValuePair key="c_num_bus_rst" value="1" description="" />
   <keyValuePair key="c_num_interconnect_aresetn" value="1" description="" />
   <keyValuePair key="c_num_perp_aresetn" value="1" description="" />
   <keyValuePair key="c_num_perp_rst" value="1" description="" />
   <keyValuePair key="core_container" value="NA" description="" />
   <keyValuePair key="iptotal" value="2" description="" />
   <keyValuePair key="x_ipcorerevision" value="13" description="" />
   <keyValuePair key="x_iplanguage" value="VHDL" description="" />
   <keyValuePair key="x_iplibrary" value="ip" description="" />
   <keyValuePair key="x_ipname" value="proc_sys_reset" description="" />
   <keyValuePair key="x_ipproduct" value="Vivado 2019.1" description="" />
   <keyValuePair key="x_ipsimlanguage" value="MIXED" description="" />
   <keyValuePair key="x_ipvendor" value="xilinx.com" description="" />
   <keyValuePair key="x_ipversion" value="5.0" description="" />
  </section>
  <section name="xpm_cdc_handshake/1" level="2" order="6" description="">
   <keyValuePair key="core_container" value="NA" description="" />
   <keyValuePair key="dest_ext_hsk" value="1" description="" />
   <keyValuePair key="dest_sync_ff" value="3" description="" />
   <keyValuePair key="init_sync_ff" value="0" description="" />
   <keyValuePair key="iptotal" value="10" description="" />
   <keyValuePair key="sim_assert_chk" value="0" description="" />
   <keyValuePair key="src_sync_ff" value="3" description="" />
   <keyValuePair key="version" value="0" description="" />
   <keyValuePair key="width" value="34" description="" />
  </section>
  <section name="xpm_cdc_single/1" level="2" order="7" description="">
   <keyValuePair key="core_container" value="NA" description="" />
   <keyValuePair key="dest_sync_ff" value="3" description="" />
   <keyValuePair key="init_sync_ff" value="0" description="" />
   <keyValuePair key="iptotal" value="20" description="" />
   <keyValuePair key="sim_assert_chk" value="0" description="" />
   <keyValuePair key="src_input_reg" value="0" description="" />
   <keyValuePair key="version" value="0" description="" />
  </section>
  <section name="zynq_ultra_ps_e_v3_3_0_zynq_ultra_ps_e/1" level="2" order="8" description="">
   <keyValuePair key="c_dp_use_audio" value="0" description="" />
   <keyValuePair key="c_dp_use_video" value="0" description="" />
   <keyValuePair key="c_emio_gpio_width" value="1" description="" />
   <keyValuePair key="c_en_emio_trace" value="0" description="" />
   <keyValuePair key="c_en_fifo_enet0" value="0" description="" />
   <keyValuePair key="c_en_fifo_enet1" value="0" description="" />
   <keyValuePair key="c_en_fifo_enet2" value="0" description="" />
   <keyValuePair key="c_en_fifo_enet3" value="0" description="" />
   <keyValuePair key="c_maxigp0_data_width" value="128" description="" />
   <keyValuePair key="c_maxigp1_data_width" value="128" description="" />
   <keyValuePair key="c_maxigp2_data_width" value="32" description="" />
   <keyValuePair key="c_num_f2p_0_intr_inputs" value="1" description="" />
   <keyValuePair key="c_num_f2p_1_intr_inputs" value="1" description="" />
   <keyValuePair key="c_num_fabric_resets" value="1" description="" />
   <keyValuePair key="c_pl_clk0_buf" value="TRUE" description="" />
   <keyValuePair key="c_pl_clk1_buf" value="TRUE" description="" />
   <keyValuePair key="c_pl_clk2_buf" value="TRUE" description="" />
   <keyValuePair key="c_pl_clk3_buf" value="TRUE" description="" />
   <keyValuePair key="c_saxigp0_data_width" value="128" description="" />
   <keyValuePair key="c_saxigp1_data_width" value="128" description="" />
   <keyValuePair key="c_saxigp2_data_width" value="128" description="" />
   <keyValuePair key="c_saxigp3_data_width" value="128" description="" />
   <keyValuePair key="c_saxigp4_data_width" value="128" description="" />
   <keyValuePair key="c_saxigp5_data_width" value="128" description="" />
   <keyValuePair key="c_saxigp6_data_width" value="128" description="" />
   <keyValuePair key="c_sd0_internal_bus_width" value="8" description="" />
   <keyValuePair key="c_sd1_internal_bus_width" value="4" description="" />
   <keyValuePair key="c_trace_data_width" value="32" description="" />
   <keyValuePair key="c_trace_pipeline_width" value="8" description="" />
   <keyValuePair key="c_use_debug_test" value="0" description="" />
   <keyValuePair key="c_use_diff_rw_clk_gp0" value="0" description="" />
   <keyValuePair key="c_use_diff_rw_clk_gp1" value="0" description="" />
   <keyValuePair key="c_use_diff_rw_clk_gp2" value="0" description="" />
   <keyValuePair key="c_use_diff_rw_clk_gp3" value="0" description="" />
   <keyValuePair key="c_use_diff_rw_clk_gp4" value="0" description="" />
   <keyValuePair key="c_use_diff_rw_clk_gp5" value="0" description="" />
   <keyValuePair key="c_use_diff_rw_clk_gp6" value="0" description="" />
   <keyValuePair key="core_container" value="NA" description="" />
   <keyValuePair key="iptotal" value="1" description="" />
   <keyValuePair key="x_ipcorerevision" value="0" description="" />
   <keyValuePair key="x_iplanguage" value="VHDL" description="" />
   <keyValuePair key="x_iplibrary" value="ip" description="" />
   <keyValuePair key="x_ipname" value="zynq_ultra_ps_e" description="" />
   <keyValuePair key="x_ipproduct" value="Vivado 2019.1" description="" />
   <keyValuePair key="x_ipsimlanguage" value="MIXED" description="" />
   <keyValuePair key="x_ipvendor" value="xilinx.com" description="" />
   <keyValuePair key="x_ipversion" value="3.3" description="" />
  </section>
  <section name="zynq_ultra_ps_e_v3_3_user_configuration/1" level="2" order="9" description="">
   <keyValuePair key="core_container" value="NA" description="" />
   <keyValuePair key="iptotal" value="1" description="" />
   <keyValuePair key="psu__acpu0__power__on" value="1" description="" />
   <keyValuePair key="psu__acpu1__power__on" value="1" description="" />
   <keyValuePair key="psu__acpu2__power__on" value="1" description="" />
   <keyValuePair key="psu__acpu3__power__on" value="1" description="" />
   <keyValuePair key="psu__actual__ip" value="1" description="" />
   <keyValuePair key="psu__can0__grp_clk__enable" value="0" description="" />
   <keyValuePair key="psu__can0__peripheral__enable" value="1" description="" />
   <keyValuePair key="psu__can0__peripheral__io" value="MIO 38 .. 39" description="" />
   <keyValuePair key="psu__can0_loop_can1__enable" value="0" description="" />
   <keyValuePair key="psu__can1__grp_clk__enable" value="0" description="" />
   <keyValuePair key="psu__can1__peripheral__enable" value="1" description="" />
   <keyValuePair key="psu__can1__peripheral__io" value="MIO 32 .. 33" description="" />
   <keyValuePair key="psu__crf_apb__acpu_ctrl__act_freqmhz" value="1066.656006" description="" />
   <keyValuePair key="psu__crf_apb__acpu_ctrl__divisor0" value="1" description="" />
   <keyValuePair key="psu__crf_apb__acpu_ctrl__freqmhz" value="1200" description="" />
   <keyValuePair key="psu__crf_apb__acpu_ctrl__srcsel" value="APLL" description="" />
   <keyValuePair key="psu__crf_apb__afi0_ref__enable" value="0" description="" />
   <keyValuePair key="psu__crf_apb__afi0_ref_ctrl__act_freqmhz" value="667" description="" />
   <keyValuePair key="psu__crf_apb__afi0_ref_ctrl__divisor0" value="2" description="" />
   <keyValuePair key="psu__crf_apb__afi0_ref_ctrl__freqmhz" value="667" description="" />
   <keyValuePair key="psu__crf_apb__afi0_ref_ctrl__srcsel" value="DPLL" description="" />
   <keyValuePair key="psu__crf_apb__afi1_ref__enable" value="0" description="" />
   <keyValuePair key="psu__crf_apb__afi1_ref_ctrl__act_freqmhz" value="667" description="" />
   <keyValuePair key="psu__crf_apb__afi1_ref_ctrl__divisor0" value="2" description="" />
   <keyValuePair key="psu__crf_apb__afi1_ref_ctrl__freqmhz" value="667" description="" />
   <keyValuePair key="psu__crf_apb__afi1_ref_ctrl__srcsel" value="DPLL" description="" />
   <keyValuePair key="psu__crf_apb__afi2_ref__enable" value="0" description="" />
   <keyValuePair key="psu__crf_apb__afi2_ref_ctrl__act_freqmhz" value="667" description="" />
   <keyValuePair key="psu__crf_apb__afi2_ref_ctrl__divisor0" value="2" description="" />
   <keyValuePair key="psu__crf_apb__afi2_ref_ctrl__freqmhz" value="667" description="" />
   <keyValuePair key="psu__crf_apb__afi2_ref_ctrl__srcsel" value="DPLL" description="" />
   <keyValuePair key="psu__crf_apb__afi3_ref__enable" value="0" description="" />
   <keyValuePair key="psu__crf_apb__afi3_ref_ctrl__act_freqmhz" value="667" description="" />
   <keyValuePair key="psu__crf_apb__afi3_ref_ctrl__divisor0" value="2" description="" />
   <keyValuePair key="psu__crf_apb__afi3_ref_ctrl__freqmhz" value="667" description="" />
   <keyValuePair key="psu__crf_apb__afi3_ref_ctrl__srcsel" value="DPLL" description="" />
   <keyValuePair key="psu__crf_apb__afi4_ref__enable" value="0" description="" />
   <keyValuePair key="psu__crf_apb__afi4_ref_ctrl__act_freqmhz" value="667" description="" />
   <keyValuePair key="psu__crf_apb__afi4_ref_ctrl__divisor0" value="2" description="" />
   <keyValuePair key="psu__crf_apb__afi4_ref_ctrl__freqmhz" value="667" description="" />
   <keyValuePair key="psu__crf_apb__afi4_ref_ctrl__srcsel" value="DPLL" description="" />
   <keyValuePair key="psu__crf_apb__afi5_ref__enable" value="0" description="" />
   <keyValuePair key="psu__crf_apb__afi5_ref_ctrl__act_freqmhz" value="667" description="" />
   <keyValuePair key="psu__crf_apb__afi5_ref_ctrl__divisor0" value="2" description="" />
   <keyValuePair key="psu__crf_apb__afi5_ref_ctrl__freqmhz" value="667" description="" />
   <keyValuePair key="psu__crf_apb__afi5_ref_ctrl__srcsel" value="DPLL" description="" />
   <keyValuePair key="psu__crf_apb__apll_ctrl__div2" value="1" description="" />
   <keyValuePair key="psu__crf_apb__apll_ctrl__fbdiv" value="64" description="" />
   <keyValuePair key="psu__crf_apb__apll_ctrl__srcsel" value="PSS_REF_CLK" description="" />
   <keyValuePair key="psu__crf_apb__apll_frac_cfg__enabled" value="0" description="" />
   <keyValuePair key="psu__crf_apb__apll_to_lpd_ctrl__divisor0" value="2" description="" />
   <keyValuePair key="psu__crf_apb__apm_ctrl__act_freqmhz" value="1" description="" />
   <keyValuePair key="psu__crf_apb__apm_ctrl__divisor0" value="1" description="" />
   <keyValuePair key="psu__crf_apb__apm_ctrl__freqmhz" value="1" description="" />
   <keyValuePair key="psu__crf_apb__dbg_fpd_ctrl__act_freqmhz" value="249.997498" description="" />
   <keyValuePair key="psu__crf_apb__dbg_fpd_ctrl__divisor0" value="2" description="" />
   <keyValuePair key="psu__crf_apb__dbg_fpd_ctrl__freqmhz" value="250" description="" />
   <keyValuePair key="psu__crf_apb__dbg_fpd_ctrl__srcsel" value="IOPLL" description="" />
   <keyValuePair key="psu__crf_apb__dbg_trace_ctrl__act_freqmhz" value="250" description="" />
   <keyValuePair key="psu__crf_apb__dbg_trace_ctrl__divisor0" value="5" description="" />
   <keyValuePair key="psu__crf_apb__dbg_trace_ctrl__freqmhz" value="250" description="" />
   <keyValuePair key="psu__crf_apb__dbg_trace_ctrl__srcsel" value="IOPLL" description="" />
   <keyValuePair key="psu__crf_apb__dbg_tstmp_ctrl__act_freqmhz" value="249.997498" description="" />
   <keyValuePair key="psu__crf_apb__dbg_tstmp_ctrl__divisor0" value="2" description="" />
   <keyValuePair key="psu__crf_apb__dbg_tstmp_ctrl__freqmhz" value="250" description="" />
   <keyValuePair key="psu__crf_apb__dbg_tstmp_ctrl__srcsel" value="IOPLL" description="" />
   <keyValuePair key="psu__crf_apb__ddr_ctrl__act_freqmhz" value="599.994019" description="" />
   <keyValuePair key="psu__crf_apb__ddr_ctrl__divisor0" value="2" description="" />
   <keyValuePair key="psu__crf_apb__ddr_ctrl__freqmhz" value="1200" description="" />
   <keyValuePair key="psu__crf_apb__ddr_ctrl__srcsel" value="DPLL" description="" />
   <keyValuePair key="psu__crf_apb__dp_audio_ref_ctrl__act_freqmhz" value="24.999750" description="" />
   <keyValuePair key="psu__crf_apb__dp_audio_ref_ctrl__divisor0" value="16" description="" />
   <keyValuePair key="psu__crf_apb__dp_audio_ref_ctrl__divisor1" value="1" description="" />
   <keyValuePair key="psu__crf_apb__dp_audio_ref_ctrl__freqmhz" value="25" description="" />
   <keyValuePair key="psu__crf_apb__dp_audio_ref_ctrl__srcsel" value="RPLL" description="" />
   <keyValuePair key="psu__crf_apb__dp_stc_ref_ctrl__act_freqmhz" value="26.666401" description="" />
   <keyValuePair key="psu__crf_apb__dp_stc_ref_ctrl__divisor0" value="15" description="" />
   <keyValuePair key="psu__crf_apb__dp_stc_ref_ctrl__divisor1" value="1" description="" />
   <keyValuePair key="psu__crf_apb__dp_stc_ref_ctrl__freqmhz" value="27" description="" />
   <keyValuePair key="psu__crf_apb__dp_stc_ref_ctrl__srcsel" value="RPLL" description="" />
   <keyValuePair key="psu__crf_apb__dp_video_ref_ctrl__act_freqmhz" value="299.997009" description="" />
   <keyValuePair key="psu__crf_apb__dp_video_ref_ctrl__divisor0" value="5" description="" />
   <keyValuePair key="psu__crf_apb__dp_video_ref_ctrl__divisor1" value="1" description="" />
   <keyValuePair key="psu__crf_apb__dp_video_ref_ctrl__freqmhz" value="300" description="" />
   <keyValuePair key="psu__crf_apb__dp_video_ref_ctrl__srcsel" value="VPLL" description="" />
   <keyValuePair key="psu__crf_apb__dpdma_ref_ctrl__act_freqmhz" value="599.994019" description="" />
   <keyValuePair key="psu__crf_apb__dpdma_ref_ctrl__divisor0" value="2" description="" />
   <keyValuePair key="psu__crf_apb__dpdma_ref_ctrl__freqmhz" value="600" description="" />
   <keyValuePair key="psu__crf_apb__dpdma_ref_ctrl__srcsel" value="DPLL" description="" />
   <keyValuePair key="psu__crf_apb__dpll_ctrl__div2" value="1" description="" />
   <keyValuePair key="psu__crf_apb__dpll_ctrl__fbdiv" value="72" description="" />
   <keyValuePair key="psu__crf_apb__dpll_ctrl__srcsel" value="PSS_REF_CLK" description="" />
   <keyValuePair key="psu__crf_apb__dpll_frac_cfg__enabled" value="0" description="" />
   <keyValuePair key="psu__crf_apb__dpll_to_lpd_ctrl__divisor0" value="3" description="" />
   <keyValuePair key="psu__crf_apb__gdma_ref_ctrl__act_freqmhz" value="599.994019" description="" />
   <keyValuePair key="psu__crf_apb__gdma_ref_ctrl__divisor0" value="2" description="" />
   <keyValuePair key="psu__crf_apb__gdma_ref_ctrl__freqmhz" value="600" description="" />
   <keyValuePair key="psu__crf_apb__gdma_ref_ctrl__srcsel" value="DPLL" description="" />
   <keyValuePair key="psu__crf_apb__gpu_ref_ctrl__act_freqmhz" value="599.994019" description="" />
   <keyValuePair key="psu__crf_apb__gpu_ref_ctrl__divisor0" value="2" description="" />
   <keyValuePair key="psu__crf_apb__gpu_ref_ctrl__freqmhz" value="600" description="" />
   <keyValuePair key="psu__crf_apb__gpu_ref_ctrl__srcsel" value="DPLL" description="" />
   <keyValuePair key="psu__crf_apb__pcie_ref_ctrl__act_freqmhz" value="249.997498" description="" />
   <keyValuePair key="psu__crf_apb__pcie_ref_ctrl__divisor0" value="2" description="" />
   <keyValuePair key="psu__crf_apb__pcie_ref_ctrl__freqmhz" value="250" description="" />
   <keyValuePair key="psu__crf_apb__pcie_ref_ctrl__srcsel" value="IOPLL" description="" />
   <keyValuePair key="psu__crf_apb__sata_ref_ctrl__act_freqmhz" value="250" description="" />
   <keyValuePair key="psu__crf_apb__sata_ref_ctrl__divisor0" value="5" description="" />
   <keyValuePair key="psu__crf_apb__sata_ref_ctrl__freqmhz" value="250" description="" />
   <keyValuePair key="psu__crf_apb__sata_ref_ctrl__srcsel" value="IOPLL" description="" />
   <keyValuePair key="psu__crf_apb__topsw_lsbus_ctrl__act_freqmhz" value="99.999001" description="" />
   <keyValuePair key="psu__crf_apb__topsw_lsbus_ctrl__divisor0" value="5" description="" />
   <keyValuePair key="psu__crf_apb__topsw_lsbus_ctrl__freqmhz" value="100" description="" />
   <keyValuePair key="psu__crf_apb__topsw_lsbus_ctrl__srcsel" value="IOPLL" description="" />
   <keyValuePair key="psu__crf_apb__topsw_main_ctrl__act_freqmhz" value="533.328003" description="" />
   <keyValuePair key="psu__crf_apb__topsw_main_ctrl__divisor0" value="2" description="" />
   <keyValuePair key="psu__crf_apb__topsw_main_ctrl__freqmhz" value="533.333" description="" />
   <keyValuePair key="psu__crf_apb__topsw_main_ctrl__srcsel" value="APLL" description="" />
   <keyValuePair key="psu__crf_apb__vpll_ctrl__div2" value="1" description="" />
   <keyValuePair key="psu__crf_apb__vpll_ctrl__fbdiv" value="90" description="" />
   <keyValuePair key="psu__crf_apb__vpll_ctrl__srcsel" value="PSS_REF_CLK" description="" />
   <keyValuePair key="psu__crf_apb__vpll_frac_cfg__enabled" value="0" description="" />
   <keyValuePair key="psu__crf_apb__vpll_to_lpd_ctrl__divisor0" value="3" description="" />
   <keyValuePair key="psu__crl_apb__adma_ref_ctrl__act_freqmhz" value="499.994995" description="" />
   <keyValuePair key="psu__crl_apb__adma_ref_ctrl__divisor0" value="3" description="" />
   <keyValuePair key="psu__crl_apb__adma_ref_ctrl__freqmhz" value="500" description="" />
   <keyValuePair key="psu__crl_apb__adma_ref_ctrl__srcsel" value="IOPLL" description="" />
   <keyValuePair key="psu__crl_apb__afi6__enable" value="0" description="" />
   <keyValuePair key="psu__crl_apb__afi6_ref_ctrl__act_freqmhz" value="500" description="" />
   <keyValuePair key="psu__crl_apb__afi6_ref_ctrl__divisor0" value="3" description="" />
   <keyValuePair key="psu__crl_apb__afi6_ref_ctrl__freqmhz" value="500" description="" />
   <keyValuePair key="psu__crl_apb__afi6_ref_ctrl__srcsel" value="IOPLL" description="" />
   <keyValuePair key="psu__crl_apb__ams_ref_ctrl__act_freqmhz" value="49.999500" description="" />
   <keyValuePair key="psu__crl_apb__ams_ref_ctrl__divisor0" value="30" description="" />
   <keyValuePair key="psu__crl_apb__ams_ref_ctrl__divisor1" value="1" description="" />
   <keyValuePair key="psu__crl_apb__ams_ref_ctrl__freqmhz" value="50" description="" />
   <keyValuePair key="psu__crl_apb__ams_ref_ctrl__srcsel" value="IOPLL" description="" />
   <keyValuePair key="psu__crl_apb__can0_ref_ctrl__act_freqmhz" value="99.999001" description="" />
   <keyValuePair key="psu__crl_apb__can0_ref_ctrl__divisor0" value="15" description="" />
   <keyValuePair key="psu__crl_apb__can0_ref_ctrl__divisor1" value="1" description="" />
   <keyValuePair key="psu__crl_apb__can0_ref_ctrl__freqmhz" value="100" description="" />
   <keyValuePair key="psu__crl_apb__can0_ref_ctrl__srcsel" value="IOPLL" description="" />
   <keyValuePair key="psu__crl_apb__can1_ref_ctrl__act_freqmhz" value="99.999001" description="" />
   <keyValuePair key="psu__crl_apb__can1_ref_ctrl__divisor0" value="15" description="" />
   <keyValuePair key="psu__crl_apb__can1_ref_ctrl__divisor1" value="1" description="" />
   <keyValuePair key="psu__crl_apb__can1_ref_ctrl__freqmhz" value="100" description="" />
   <keyValuePair key="psu__crl_apb__can1_ref_ctrl__srcsel" value="IOPLL" description="" />
   <keyValuePair key="psu__crl_apb__cpu_r5_ctrl__act_freqmhz" value="499.994995" description="" />
   <keyValuePair key="psu__crl_apb__cpu_r5_ctrl__divisor0" value="3" description="" />
   <keyValuePair key="psu__crl_apb__cpu_r5_ctrl__freqmhz" value="500" description="" />
   <keyValuePair key="psu__crl_apb__cpu_r5_ctrl__srcsel" value="IOPLL" description="" />
   <keyValuePair key="psu__crl_apb__csu_pll_ctrl__act_freqmhz" value="180" description="" />
   <keyValuePair key="psu__crl_apb__csu_pll_ctrl__divisor0" value="3" description="" />
   <keyValuePair key="psu__crl_apb__csu_pll_ctrl__freqmhz" value="180" description="" />
   <keyValuePair key="psu__crl_apb__csu_pll_ctrl__srcsel" value="SysOsc" description="" />
   <keyValuePair key="psu__crl_apb__dbg_lpd_ctrl__act_freqmhz" value="249.997498" description="" />
   <keyValuePair key="psu__crl_apb__dbg_lpd_ctrl__divisor0" value="6" description="" />
   <keyValuePair key="psu__crl_apb__dbg_lpd_ctrl__freqmhz" value="250" description="" />
   <keyValuePair key="psu__crl_apb__dbg_lpd_ctrl__srcsel" value="IOPLL" description="" />
   <keyValuePair key="psu__crl_apb__debug_r5_atclk_ctrl__act_freqmhz" value="1000" description="" />
   <keyValuePair key="psu__crl_apb__debug_r5_atclk_ctrl__divisor0" value="6" description="" />
   <keyValuePair key="psu__crl_apb__debug_r5_atclk_ctrl__freqmhz" value="1000" description="" />
   <keyValuePair key="psu__crl_apb__debug_r5_atclk_ctrl__srcsel" value="RPLL" description="" />
   <keyValuePair key="psu__crl_apb__dll_ref_ctrl__act_freqmhz" value="1499.984985" description="" />
   <keyValuePair key="psu__crl_apb__dll_ref_ctrl__freqmhz" value="1500" description="" />
   <keyValuePair key="psu__crl_apb__dll_ref_ctrl__srcsel" value="IOPLL" description="" />
   <keyValuePair key="psu__crl_apb__gem0_ref_ctrl__act_freqmhz" value="125" description="" />
   <keyValuePair key="psu__crl_apb__gem0_ref_ctrl__divisor0" value="12" description="" />
   <keyValuePair key="psu__crl_apb__gem0_ref_ctrl__divisor1" value="1" description="" />
   <keyValuePair key="psu__crl_apb__gem0_ref_ctrl__freqmhz" value="125" description="" />
   <keyValuePair key="psu__crl_apb__gem0_ref_ctrl__srcsel" value="IOPLL" description="" />
   <keyValuePair key="psu__crl_apb__gem1_ref_ctrl__act_freqmhz" value="125" description="" />
   <keyValuePair key="psu__crl_apb__gem1_ref_ctrl__divisor0" value="12" description="" />
   <keyValuePair key="psu__crl_apb__gem1_ref_ctrl__divisor1" value="1" description="" />
   <keyValuePair key="psu__crl_apb__gem1_ref_ctrl__freqmhz" value="125" description="" />
   <keyValuePair key="psu__crl_apb__gem1_ref_ctrl__srcsel" value="IOPLL" description="" />
   <keyValuePair key="psu__crl_apb__gem2_ref_ctrl__act_freqmhz" value="125" description="" />
   <keyValuePair key="psu__crl_apb__gem2_ref_ctrl__divisor0" value="12" description="" />
   <keyValuePair key="psu__crl_apb__gem2_ref_ctrl__divisor1" value="1" description="" />
   <keyValuePair key="psu__crl_apb__gem2_ref_ctrl__freqmhz" value="125" description="" />
   <keyValuePair key="psu__crl_apb__gem2_ref_ctrl__srcsel" value="IOPLL" description="" />
   <keyValuePair key="psu__crl_apb__gem3_ref_ctrl__act_freqmhz" value="124.998749" description="" />
   <keyValuePair key="psu__crl_apb__gem3_ref_ctrl__divisor0" value="12" description="" />
   <keyValuePair key="psu__crl_apb__gem3_ref_ctrl__divisor1" value="1" description="" />
   <keyValuePair key="psu__crl_apb__gem3_ref_ctrl__freqmhz" value="125" description="" />
   <keyValuePair key="psu__crl_apb__gem3_ref_ctrl__srcsel" value="IOPLL" description="" />
   <keyValuePair key="psu__crl_apb__gem_tsu_ref_ctrl__act_freqmhz" value="249.997498" description="" />
   <keyValuePair key="psu__crl_apb__gem_tsu_ref_ctrl__divisor0" value="6" description="" />
   <keyValuePair key="psu__crl_apb__gem_tsu_ref_ctrl__divisor1" value="1" description="" />
   <keyValuePair key="psu__crl_apb__gem_tsu_ref_ctrl__freqmhz" value="250" description="" />
   <keyValuePair key="psu__crl_apb__gem_tsu_ref_ctrl__srcsel" value="IOPLL" description="" />
   <keyValuePair key="psu__crl_apb__i2c0_ref_ctrl__act_freqmhz" value="100" description="" />
   <keyValuePair key="psu__crl_apb__i2c0_ref_ctrl__divisor0" value="15" description="" />
   <keyValuePair key="psu__crl_apb__i2c0_ref_ctrl__divisor1" value="1" description="" />
   <keyValuePair key="psu__crl_apb__i2c0_ref_ctrl__freqmhz" value="100" description="" />
   <keyValuePair key="psu__crl_apb__i2c0_ref_ctrl__srcsel" value="IOPLL" description="" />
   <keyValuePair key="psu__crl_apb__i2c1_ref_ctrl__act_freqmhz" value="99.999001" description="" />
   <keyValuePair key="psu__crl_apb__i2c1_ref_ctrl__divisor0" value="15" description="" />
   <keyValuePair key="psu__crl_apb__i2c1_ref_ctrl__divisor1" value="1" description="" />
   <keyValuePair key="psu__crl_apb__i2c1_ref_ctrl__freqmhz" value="100" description="" />
   <keyValuePair key="psu__crl_apb__i2c1_ref_ctrl__srcsel" value="IOPLL" description="" />
   <keyValuePair key="psu__crl_apb__iopll_ctrl__div2" value="1" description="" />
   <keyValuePair key="psu__crl_apb__iopll_ctrl__fbdiv" value="90" description="" />
   <keyValuePair key="psu__crl_apb__iopll_ctrl__srcsel" value="PSS_REF_CLK" description="" />
   <keyValuePair key="psu__crl_apb__iopll_frac_cfg__enabled" value="0" description="" />
   <keyValuePair key="psu__crl_apb__iopll_to_fpd_ctrl__divisor0" value="3" description="" />
   <keyValuePair key="psu__crl_apb__iou_switch_ctrl__act_freqmhz" value="266.664001" description="" />
   <keyValuePair key="psu__crl_apb__iou_switch_ctrl__divisor0" value="3" description="" />
   <keyValuePair key="psu__crl_apb__iou_switch_ctrl__freqmhz" value="267" description="" />
   <keyValuePair key="psu__crl_apb__iou_switch_ctrl__srcsel" value="RPLL" description="" />
   <keyValuePair key="psu__crl_apb__lpd_lsbus_ctrl__act_freqmhz" value="99.999001" description="" />
   <keyValuePair key="psu__crl_apb__lpd_lsbus_ctrl__divisor0" value="15" description="" />
   <keyValuePair key="psu__crl_apb__lpd_lsbus_ctrl__freqmhz" value="100" description="" />
   <keyValuePair key="psu__crl_apb__lpd_lsbus_ctrl__srcsel" value="IOPLL" description="" />
   <keyValuePair key="psu__crl_apb__lpd_switch_ctrl__act_freqmhz" value="499.994995" description="" />
   <keyValuePair key="psu__crl_apb__lpd_switch_ctrl__divisor0" value="3" description="" />
   <keyValuePair key="psu__crl_apb__lpd_switch_ctrl__freqmhz" value="500" description="" />
   <keyValuePair key="psu__crl_apb__lpd_switch_ctrl__srcsel" value="IOPLL" description="" />
   <keyValuePair key="psu__crl_apb__nand_ref_ctrl__act_freqmhz" value="100" description="" />
   <keyValuePair key="psu__crl_apb__nand_ref_ctrl__divisor0" value="15" description="" />
   <keyValuePair key="psu__crl_apb__nand_ref_ctrl__divisor1" value="1" description="" />
   <keyValuePair key="psu__crl_apb__nand_ref_ctrl__freqmhz" value="100" description="" />
   <keyValuePair key="psu__crl_apb__nand_ref_ctrl__srcsel" value="IOPLL" description="" />
   <keyValuePair key="psu__crl_apb__ocm_main_ctrl__act_freqmhz" value="500" description="" />
   <keyValuePair key="psu__crl_apb__ocm_main_ctrl__divisor0" value="3" description="" />
   <keyValuePair key="psu__crl_apb__ocm_main_ctrl__freqmhz" value="500" description="" />
   <keyValuePair key="psu__crl_apb__ocm_main_ctrl__srcsel" value="IOPLL" description="" />
   <keyValuePair key="psu__crl_apb__pcap_ctrl__act_freqmhz" value="187.498123" description="" />
   <keyValuePair key="psu__crl_apb__pcap_ctrl__divisor0" value="8" description="" />
   <keyValuePair key="psu__crl_apb__pcap_ctrl__freqmhz" value="200" description="" />
   <keyValuePair key="psu__crl_apb__pcap_ctrl__srcsel" value="IOPLL" description="" />
   <keyValuePair key="psu__crl_apb__pl0_ref_ctrl__act_freqmhz" value="99.999001" description="" />
   <keyValuePair key="psu__crl_apb__pl0_ref_ctrl__divisor0" value="8" description="" />
   <keyValuePair key="psu__crl_apb__pl0_ref_ctrl__divisor1" value="1" description="" />
   <keyValuePair key="psu__crl_apb__pl0_ref_ctrl__freqmhz" value="100" description="" />
   <keyValuePair key="psu__crl_apb__pl0_ref_ctrl__srcsel" value="RPLL" description="" />
   <keyValuePair key="psu__crl_apb__pl1_ref_ctrl__act_freqmhz" value="199.998001" description="" />
   <keyValuePair key="psu__crl_apb__pl1_ref_ctrl__divisor0" value="4" description="" />
   <keyValuePair key="psu__crl_apb__pl1_ref_ctrl__divisor1" value="1" description="" />
   <keyValuePair key="psu__crl_apb__pl1_ref_ctrl__freqmhz" value="200" description="" />
   <keyValuePair key="psu__crl_apb__pl1_ref_ctrl__srcsel" value="RPLL" description="" />
   <keyValuePair key="psu__crl_apb__pl2_ref_ctrl__act_freqmhz" value="99.999001" description="" />
   <keyValuePair key="psu__crl_apb__pl2_ref_ctrl__divisor0" value="8" description="" />
   <keyValuePair key="psu__crl_apb__pl2_ref_ctrl__divisor1" value="1" description="" />
   <keyValuePair key="psu__crl_apb__pl2_ref_ctrl__freqmhz" value="100" description="" />
   <keyValuePair key="psu__crl_apb__pl2_ref_ctrl__srcsel" value="RPLL" description="" />
   <keyValuePair key="psu__crl_apb__pl3_ref_ctrl__act_freqmhz" value="199.998001" description="" />
   <keyValuePair key="psu__crl_apb__pl3_ref_ctrl__divisor0" value="4" description="" />
   <keyValuePair key="psu__crl_apb__pl3_ref_ctrl__divisor1" value="1" description="" />
   <keyValuePair key="psu__crl_apb__pl3_ref_ctrl__freqmhz" value="200" description="" />
   <keyValuePair key="psu__crl_apb__pl3_ref_ctrl__srcsel" value="RPLL" description="" />
   <keyValuePair key="psu__crl_apb__qspi_ref_ctrl__act_freqmhz" value="299.997009" description="" />
   <keyValuePair key="psu__crl_apb__qspi_ref_ctrl__divisor0" value="5" description="" />
   <keyValuePair key="psu__crl_apb__qspi_ref_ctrl__divisor1" value="1" description="" />
   <keyValuePair key="psu__crl_apb__qspi_ref_ctrl__freqmhz" value="300" description="" />
   <keyValuePair key="psu__crl_apb__qspi_ref_ctrl__srcsel" value="IOPLL" description="" />
   <keyValuePair key="psu__crl_apb__rpll_ctrl__div2" value="1" description="" />
   <keyValuePair key="psu__crl_apb__rpll_ctrl__fbdiv" value="48" description="" />
   <keyValuePair key="psu__crl_apb__rpll_ctrl__srcsel" value="PSS_REF_CLK" description="" />
   <keyValuePair key="psu__crl_apb__rpll_frac_cfg__enabled" value="0" description="" />
   <keyValuePair key="psu__crl_apb__rpll_to_fpd_ctrl__divisor0" value="2" description="" />
   <keyValuePair key="psu__crl_apb__sdio0_ref_ctrl__act_freqmhz" value="187.498123" description="" />
   <keyValuePair key="psu__crl_apb__sdio0_ref_ctrl__divisor0" value="7" description="" />
   <keyValuePair key="psu__crl_apb__sdio0_ref_ctrl__divisor1" value="1" description="" />
   <keyValuePair key="psu__crl_apb__sdio0_ref_ctrl__freqmhz" value="200" description="" />
   <keyValuePair key="psu__crl_apb__sdio0_ref_ctrl__srcsel" value="IOPLL" description="" />
   <keyValuePair key="psu__crl_apb__sdio1_ref_ctrl__act_freqmhz" value="187.498123" description="" />
   <keyValuePair key="psu__crl_apb__sdio1_ref_ctrl__divisor0" value="8" description="" />
   <keyValuePair key="psu__crl_apb__sdio1_ref_ctrl__divisor1" value="1" description="" />
   <keyValuePair key="psu__crl_apb__sdio1_ref_ctrl__freqmhz" value="200" description="" />
   <keyValuePair key="psu__crl_apb__sdio1_ref_ctrl__srcsel" value="IOPLL" description="" />
   <keyValuePair key="psu__crl_apb__spi0_ref_ctrl__act_freqmhz" value="214" description="" />
   <keyValuePair key="psu__crl_apb__spi0_ref_ctrl__divisor0" value="7" description="" />
   <keyValuePair key="psu__crl_apb__spi0_ref_ctrl__divisor1" value="1" description="" />
   <keyValuePair key="psu__crl_apb__spi0_ref_ctrl__freqmhz" value="200" description="" />
   <keyValuePair key="psu__crl_apb__spi0_ref_ctrl__srcsel" value="RPLL" description="" />
   <keyValuePair key="psu__crl_apb__spi1_ref_ctrl__act_freqmhz" value="214" description="" />
   <keyValuePair key="psu__crl_apb__spi1_ref_ctrl__divisor0" value="7" description="" />
   <keyValuePair key="psu__crl_apb__spi1_ref_ctrl__divisor1" value="1" description="" />
   <keyValuePair key="psu__crl_apb__spi1_ref_ctrl__freqmhz" value="200" description="" />
   <keyValuePair key="psu__crl_apb__spi1_ref_ctrl__srcsel" value="RPLL" description="" />
   <keyValuePair key="psu__crl_apb__timestamp_ref_ctrl__act_freqmhz" value="33.333000" description="" />
   <keyValuePair key="psu__crl_apb__timestamp_ref_ctrl__divisor0" value="1" description="" />
   <keyValuePair key="psu__crl_apb__timestamp_ref_ctrl__freqmhz" value="100" description="" />
   <keyValuePair key="psu__crl_apb__timestamp_ref_ctrl__srcsel" value="PSS_REF_CLK" description="" />
   <keyValuePair key="psu__crl_apb__uart0_ref_ctrl__act_freqmhz" value="99.999001" description="" />
   <keyValuePair key="psu__crl_apb__uart0_ref_ctrl__divisor0" value="15" description="" />
   <keyValuePair key="psu__crl_apb__uart0_ref_ctrl__divisor1" value="1" description="" />
   <keyValuePair key="psu__crl_apb__uart0_ref_ctrl__freqmhz" value="100" description="" />
   <keyValuePair key="psu__crl_apb__uart0_ref_ctrl__srcsel" value="IOPLL" description="" />
   <keyValuePair key="psu__crl_apb__uart1_ref_ctrl__act_freqmhz" value="100" description="" />
   <keyValuePair key="psu__crl_apb__uart1_ref_ctrl__divisor0" value="15" description="" />
   <keyValuePair key="psu__crl_apb__uart1_ref_ctrl__divisor1" value="1" description="" />
   <keyValuePair key="psu__crl_apb__uart1_ref_ctrl__freqmhz" value="100" description="" />
   <keyValuePair key="psu__crl_apb__uart1_ref_ctrl__srcsel" value="IOPLL" description="" />
   <keyValuePair key="psu__crl_apb__usb0_bus_ref_ctrl__act_freqmhz" value="249.997498" description="" />
   <keyValuePair key="psu__crl_apb__usb0_bus_ref_ctrl__divisor0" value="6" description="" />
   <keyValuePair key="psu__crl_apb__usb0_bus_ref_ctrl__divisor1" value="1" description="" />
   <keyValuePair key="psu__crl_apb__usb0_bus_ref_ctrl__freqmhz" value="250" description="" />
   <keyValuePair key="psu__crl_apb__usb0_bus_ref_ctrl__srcsel" value="IOPLL" description="" />
   <keyValuePair key="psu__crl_apb__usb1_bus_ref_ctrl__act_freqmhz" value="250" description="" />
   <keyValuePair key="psu__crl_apb__usb1_bus_ref_ctrl__divisor0" value="6" description="" />
   <keyValuePair key="psu__crl_apb__usb1_bus_ref_ctrl__divisor1" value="1" description="" />
   <keyValuePair key="psu__crl_apb__usb1_bus_ref_ctrl__freqmhz" value="250" description="" />
   <keyValuePair key="psu__crl_apb__usb1_bus_ref_ctrl__srcsel" value="IOPLL" description="" />
   <keyValuePair key="psu__crl_apb__usb3__enable" value="1" description="" />
   <keyValuePair key="psu__crl_apb__usb3_dual_ref_ctrl__act_freqmhz" value="19.999800" description="" />
   <keyValuePair key="psu__crl_apb__usb3_dual_ref_ctrl__divisor0" value="25" description="" />
   <keyValuePair key="psu__crl_apb__usb3_dual_ref_ctrl__divisor1" value="3" description="" />
   <keyValuePair key="psu__crl_apb__usb3_dual_ref_ctrl__freqmhz" value="20" description="" />
   <keyValuePair key="psu__crl_apb__usb3_dual_ref_ctrl__srcsel" value="IOPLL" description="" />
   <keyValuePair key="psu__csu__csu_tamper_0__enable" value="0" description="" />
   <keyValuePair key="psu__csu__csu_tamper_0__erase_bbram" value="0" description="" />
   <keyValuePair key="psu__csu__csu_tamper_10__enable" value="0" description="" />
   <keyValuePair key="psu__csu__csu_tamper_10__erase_bbram" value="0" description="" />
   <keyValuePair key="psu__csu__csu_tamper_11__enable" value="0" description="" />
   <keyValuePair key="psu__csu__csu_tamper_11__erase_bbram" value="0" description="" />
   <keyValuePair key="psu__csu__csu_tamper_12__enable" value="0" description="" />
   <keyValuePair key="psu__csu__csu_tamper_12__erase_bbram" value="0" description="" />
   <keyValuePair key="psu__csu__csu_tamper_1__enable" value="0" description="" />
   <keyValuePair key="psu__csu__csu_tamper_1__erase_bbram" value="0" description="" />
   <keyValuePair key="psu__csu__csu_tamper_2__enable" value="0" description="" />
   <keyValuePair key="psu__csu__csu_tamper_2__erase_bbram" value="0" description="" />
   <keyValuePair key="psu__csu__csu_tamper_3__enable" value="0" description="" />
   <keyValuePair key="psu__csu__csu_tamper_3__erase_bbram" value="0" description="" />
   <keyValuePair key="psu__csu__csu_tamper_4__enable" value="0" description="" />
   <keyValuePair key="psu__csu__csu_tamper_4__erase_bbram" value="0" description="" />
   <keyValuePair key="psu__csu__csu_tamper_5__enable" value="0" description="" />
   <keyValuePair key="psu__csu__csu_tamper_5__erase_bbram" value="0" description="" />
   <keyValuePair key="psu__csu__csu_tamper_6__enable" value="0" description="" />
   <keyValuePair key="psu__csu__csu_tamper_6__erase_bbram" value="0" description="" />
   <keyValuePair key="psu__csu__csu_tamper_7__enable" value="0" description="" />
   <keyValuePair key="psu__csu__csu_tamper_7__erase_bbram" value="0" description="" />
   <keyValuePair key="psu__csu__csu_tamper_8__enable" value="0" description="" />
   <keyValuePair key="psu__csu__csu_tamper_8__erase_bbram" value="0" description="" />
   <keyValuePair key="psu__csu__csu_tamper_9__enable" value="0" description="" />
   <keyValuePair key="psu__csu__csu_tamper_9__erase_bbram" value="0" description="" />
   <keyValuePair key="psu__csu__peripheral__enable" value="0" description="" />
   <keyValuePair key="psu__ddr_qos_enable" value="0" description="" />
   <keyValuePair key="psu__ddrc__al" value="0" description="" />
   <keyValuePair key="psu__ddrc__bank_addr_count" value="2" description="" />
   <keyValuePair key="psu__ddrc__bus_width" value="64 Bit" description="" />
   <keyValuePair key="psu__ddrc__cl" value="16" description="" />
   <keyValuePair key="psu__ddrc__clock_stop_en" value="0" description="" />
   <keyValuePair key="psu__ddrc__col_addr_count" value="10" description="" />
   <keyValuePair key="psu__ddrc__cwl" value="12" description="" />
   <keyValuePair key="psu__ddrc__device_capacity" value="8192 MBits" description="" />
   <keyValuePair key="psu__ddrc__dram_width" value="16 Bits" description="" />
   <keyValuePair key="psu__ddrc__ecc" value="Disabled" description="" />
   <keyValuePair key="psu__ddrc__enable" value="1" description="" />
   <keyValuePair key="psu__ddrc__freq_mhz" value="1" description="" />
   <keyValuePair key="psu__ddrc__memory_type" value="DDR 4" description="" />
   <keyValuePair key="psu__ddrc__row_addr_count" value="16" description="" />
   <keyValuePair key="psu__ddrc__speed_bin" value="DDR4_2400P" description="" />
   <keyValuePair key="psu__ddrc__t_faw" value="30.0" description="" />
   <keyValuePair key="psu__ddrc__t_ras_min" value="32" description="" />
   <keyValuePair key="psu__ddrc__t_rc" value="45.32" description="" />
   <keyValuePair key="psu__ddrc__t_rcd" value="16" description="" />
   <keyValuePair key="psu__ddrc__t_rp" value="16" description="" />
   <keyValuePair key="psu__ddrc__train_data_eye" value="1" description="" />
   <keyValuePair key="psu__ddrc__train_read_gate" value="1" description="" />
   <keyValuePair key="psu__ddrc__train_write_level" value="1" description="" />
   <keyValuePair key="psu__displayport__peripheral__enable" value="1" description="" />
   <keyValuePair key="psu__dpaux__peripheral__enable" value="1" description="" />
   <keyValuePair key="psu__dpaux__peripheral__io" value="MIO 27 .. 30" description="" />
   <keyValuePair key="psu__enet0__grp_mdio__enable" value="0" description="" />
   <keyValuePair key="psu__enet0__peripheral__enable" value="0" description="" />
   <keyValuePair key="psu__enet1__grp_mdio__enable" value="0" description="" />
   <keyValuePair key="psu__enet1__peripheral__enable" value="0" description="" />
   <keyValuePair key="psu__enet2__grp_mdio__enable" value="0" description="" />
   <keyValuePair key="psu__enet2__peripheral__enable" value="0" description="" />
   <keyValuePair key="psu__enet3__grp_mdio__enable" value="1" description="" />
   <keyValuePair key="psu__enet3__grp_mdio__io" value="MIO 76 .. 77" description="" />
   <keyValuePair key="psu__enet3__peripheral__enable" value="1" description="" />
   <keyValuePair key="psu__enet3__peripheral__io" value="MIO 64 .. 75" description="" />
   <keyValuePair key="psu__ep__ip" value="0" description="" />
   <keyValuePair key="psu__fp__power__on" value="1" description="" />
   <keyValuePair key="psu__fpd_slcr__wdt_clk_sel__select" value="APB" description="" />
   <keyValuePair key="psu__fpga_pl0_enable" value="1" description="" />
   <keyValuePair key="psu__fpga_pl1_enable" value="1" description="" />
   <keyValuePair key="psu__fpga_pl2_enable" value="1" description="" />
   <keyValuePair key="psu__fpga_pl3_enable" value="1" description="" />
   <keyValuePair key="psu__gem__tsu__enable" value="0" description="" />
   <keyValuePair key="psu__gen_ipi_0__master" value="APU" description="" />
   <keyValuePair key="psu__gen_ipi_10__master" value="NONE" description="" />
   <keyValuePair key="psu__gen_ipi_1__master" value="RPU0" description="" />
   <keyValuePair key="psu__gen_ipi_2__master" value="RPU1" description="" />
   <keyValuePair key="psu__gen_ipi_3__master" value="PMU" description="" />
   <keyValuePair key="psu__gen_ipi_4__master" value="PMU" description="" />
   <keyValuePair key="psu__gen_ipi_5__master" value="PMU" description="" />
   <keyValuePair key="psu__gen_ipi_6__master" value="PMU" description="" />
   <keyValuePair key="psu__gen_ipi_7__master" value="NONE" description="" />
   <keyValuePair key="psu__gen_ipi_8__master" value="NONE" description="" />
   <keyValuePair key="psu__gen_ipi_9__master" value="NONE" description="" />
   <keyValuePair key="psu__gpio0_mio__peripheral__enable" value="0" description="" />
   <keyValuePair key="psu__gpio1_mio__io" value="MIO 26 .. 51" description="" />
   <keyValuePair key="psu__gpio1_mio__peripheral__enable" value="1" description="" />
   <keyValuePair key="psu__gpio2_mio__peripheral__enable" value="0" description="" />
   <keyValuePair key="psu__gpio_emio__peripheral__enable" value="0" description="" />
   <keyValuePair key="psu__gpu_pp0__power__on" value="1" description="" />
   <keyValuePair key="psu__gpu_pp1__power__on" value="1" description="" />
   <keyValuePair key="psu__i2c0__grp_int__enable" value="0" description="" />
   <keyValuePair key="psu__i2c0__peripheral__enable" value="0" description="" />
   <keyValuePair key="psu__i2c0_loop_i2c1__enable" value="0" description="" />
   <keyValuePair key="psu__i2c1__grp_int__enable" value="0" description="" />
   <keyValuePair key="psu__i2c1__peripheral__enable" value="1" description="" />
   <keyValuePair key="psu__i2c1__peripheral__io" value="MIO 24 .. 25" description="" />
   <keyValuePair key="psu__iou_slcr__iou_ttc_apb_clk__ttc0_sel" value="APB" description="" />
   <keyValuePair key="psu__iou_slcr__iou_ttc_apb_clk__ttc1_sel" value="APB" description="" />
   <keyValuePair key="psu__iou_slcr__iou_ttc_apb_clk__ttc2_sel" value="APB" description="" />
   <keyValuePair key="psu__iou_slcr__iou_ttc_apb_clk__ttc3_sel" value="APB" description="" />
   <keyValuePair key="psu__iou_slcr__wdt_clk_sel__select" value="APB" description="" />
   <keyValuePair key="psu__l2_bank0__power__on" value="1" description="" />
   <keyValuePair key="psu__nand__chip_enable__enable" value="0" description="" />
   <keyValuePair key="psu__nand__data_strobe__enable" value="0" description="" />
   <keyValuePair key="psu__nand__peripheral__enable" value="0" description="" />
   <keyValuePair key="psu__nand__ready_busy__enable" value="0" description="" />
   <keyValuePair key="psu__ocm_bank0__power__on" value="1" description="" />
   <keyValuePair key="psu__ocm_bank1__power__on" value="1" description="" />
   <keyValuePair key="psu__ocm_bank2__power__on" value="1" description="" />
   <keyValuePair key="psu__ocm_bank3__power__on" value="1" description="" />
   <keyValuePair key="psu__override__basic_clock" value="0" description="" />
   <keyValuePair key="psu__pcie__peripheral__enable" value="1" description="" />
   <keyValuePair key="psu__pcie__peripheral__rootport_io" value="MIO 37" description="" />
   <keyValuePair key="psu__pjtag__peripheral__enable" value="0" description="" />
   <keyValuePair key="psu__pl__power__on" value="1" description="" />
   <keyValuePair key="psu__pmu__emio_gpi__enable" value="0" description="" />
   <keyValuePair key="psu__pmu__emio_gpo__enable" value="0" description="" />
   <keyValuePair key="psu__pmu__gpi0__enable" value="0" description="" />
   <keyValuePair key="psu__pmu__gpi1__enable" value="0" description="" />
   <keyValuePair key="psu__pmu__gpi2__enable" value="0" description="" />
   <keyValuePair key="psu__pmu__gpi3__enable" value="0" description="" />
   <keyValuePair key="psu__pmu__gpi4__enable" value="0" description="" />
   <keyValuePair key="psu__pmu__gpi5__enable" value="0" description="" />
   <keyValuePair key="psu__pmu__gpo0__enable" value="0" description="" />
   <keyValuePair key="psu__pmu__gpo1__enable" value="0" description="" />
   <keyValuePair key="psu__pmu__gpo2__enable" value="0" description="" />
   <keyValuePair key="psu__pmu__gpo3__enable" value="0" description="" />
   <keyValuePair key="psu__pmu__gpo4__enable" value="0" description="" />
   <keyValuePair key="psu__pmu__gpo5__enable" value="0" description="" />
   <keyValuePair key="psu__pmu__peripheral__enable" value="0" description="" />
   <keyValuePair key="psu__protection__ddr_segments" value="NONE" description="" />
   <keyValuePair key="psu__protection__debug" value="0" description="" />
   <keyValuePair key="psu__protection__fpd_segments" value="SA:0xFD1A0000; SIZE:1280; UNIT:KB; RegionTZ:Secure; WrAllowed:Read/Write; subsystemId:PMU Firmware| SA:0xFD000000; SIZE:64; UNIT:KB; RegionTZ:Secure; WrAllowed:Read/Write; subsystemId:PMU Firmware| SA:0xFD010000; SIZE:64; UNIT:KB; RegionTZ:Secure; WrAllowed:Read/Write; subsystemId:PMU Firmware| SA:0xFD020000; SIZE:64; UNIT:KB; RegionTZ:Secure; WrAllowed:Read/Write; subsystemId:PMU Firmware| SA:0xFD030000; SIZE:64; UNIT:KB; RegionTZ:Secure; WrAllowed:Read/Write; subsystemId:PMU Firmware| SA:0xFD040000; SIZE:64; UNIT:KB; RegionTZ:Secure; WrAllowed:Read/Write; subsystemId:PMU Firmware| SA:0xFD050000; SIZE:64; UNIT:KB; RegionTZ:Secure; WrAllowed:Read/Write; subsystemId:PMU Firmware| SA:0xFD610000; SIZE:512; UNIT:KB; RegionTZ:Secure; WrAllowed:Read/Write; subsystemId:PMU Firmware| SA:0xFD5D0000; SIZE:64; UNIT:KB; RegionTZ:Secure; WrAllowed:Read/Write; subsystemId:PMU Firmware|SA:0xFD1A0000 ; SIZE:1280; UNIT:KB; RegionTZ:Secure ; WrAllowed:Read/Write; subsystemId:Secure Subsystem" description="" />
   <keyValuePair key="psu__protection__lpd_segments" value="SA:0xFF980000; SIZE:64; UNIT:KB; RegionTZ:Secure; WrAllowed:Read/Write; subsystemId:PMU Firmware| SA:0xFF5E0000; SIZE:2560; UNIT:KB; RegionTZ:Secure; WrAllowed:Read/Write; subsystemId:PMU Firmware| SA:0xFFCC0000; SIZE:64; UNIT:KB; RegionTZ:Secure; WrAllowed:Read/Write; subsystemId:PMU Firmware| SA:0xFF180000; SIZE:768; UNIT:KB; RegionTZ:Secure; WrAllowed:Read/Write; subsystemId:PMU Firmware| SA:0xFF410000; SIZE:640; UNIT:KB; RegionTZ:Secure; WrAllowed:Read/Write; subsystemId:PMU Firmware| SA:0xFFA70000; SIZE:64; UNIT:KB; RegionTZ:Secure; WrAllowed:Read/Write; subsystemId:PMU Firmware| SA:0xFF9A0000; SIZE:64; UNIT:KB; RegionTZ:Secure; WrAllowed:Read/Write; subsystemId:PMU Firmware|SA:0xFF5E0000 ; SIZE:2560; UNIT:KB; RegionTZ:Secure ; WrAllowed:Read/Write; subsystemId:Secure Subsystem|SA:0xFFCC0000 ; SIZE:64; UNIT:KB; RegionTZ:Secure ; WrAllowed:Read/Write; subsystemId:Secure Subsystem|SA:0xFF180000 ; SIZE:768; UNIT:KB; RegionTZ:Secure ; WrAllowed:Read/Write; subsystemId:Secure Subsystem|SA:0xFF9A0000 ; SIZE:64; UNIT:KB; RegionTZ:Secure ; WrAllowed:Read/Write; subsystemId:Secure Subsystem" description="" />
   <keyValuePair key="psu__protection__ocm_segments" value="NONE" description="" />
   <keyValuePair key="psu__protection__presubsystems" value="NONE" description="" />
   <keyValuePair key="psu__protection__subsystems" value="PMU Firmware:PMU|Secure Subsystem:" description="" />
   <keyValuePair key="psu__qspi__grp_fbclk__enable" value="1" description="" />
   <keyValuePair key="psu__qspi__grp_fbclk__io" value="MIO 6" description="" />
   <keyValuePair key="psu__qspi__peripheral__data_mode" value="x4" description="" />
   <keyValuePair key="psu__qspi__peripheral__enable" value="1" description="" />
   <keyValuePair key="psu__qspi__peripheral__io" value="MIO 0 .. 5" description="" />
   <keyValuePair key="psu__qspi__peripheral__mode" value="Single" description="" />
   <keyValuePair key="psu__rpu__power__on" value="1" description="" />
   <keyValuePair key="psu__sata__lane0__enable" value="0" description="" />
   <keyValuePair key="psu__sata__lane1__enable" value="0" description="" />
   <keyValuePair key="psu__sata__peripheral__enable" value="0" description="" />
   <keyValuePair key="psu__sd0__grp_cd__enable" value="0" description="" />
   <keyValuePair key="psu__sd0__grp_pow__enable" value="0" description="" />
   <keyValuePair key="psu__sd0__grp_wp__enable" value="0" description="" />
   <keyValuePair key="psu__sd0__peripheral__enable" value="0" description="" />
   <keyValuePair key="psu__sd1__grp_cd__enable" value="1" description="" />
   <keyValuePair key="psu__sd1__grp_cd__io" value="MIO 45" description="" />
   <keyValuePair key="psu__sd1__grp_pow__enable" value="0" description="" />
   <keyValuePair key="psu__sd1__grp_wp__enable" value="0" description="" />
   <keyValuePair key="psu__sd1__peripheral__enable" value="1" description="" />
   <keyValuePair key="psu__sd1__peripheral__io" value="MIO 46 .. 51" description="" />
   <keyValuePair key="psu__sd1__slot_type" value="SD 2.0" description="" />
   <keyValuePair key="psu__spi0__grp_ss0__enable" value="0" description="" />
   <keyValuePair key="psu__spi0__grp_ss1__enable" value="0" description="" />
   <keyValuePair key="psu__spi0__grp_ss2__enable" value="0" description="" />
   <keyValuePair key="psu__spi0__peripheral__enable" value="0" description="" />
   <keyValuePair key="psu__spi0_loop_spi1__enable" value="0" description="" />
   <keyValuePair key="psu__spi1__grp_ss0__enable" value="0" description="" />
   <keyValuePair key="psu__spi1__grp_ss1__enable" value="0" description="" />
   <keyValuePair key="psu__spi1__grp_ss2__enable" value="0" description="" />
   <keyValuePair key="psu__spi1__peripheral__enable" value="0" description="" />
   <keyValuePair key="psu__swdt0__peripheral__enable" value="0" description="" />
   <keyValuePair key="psu__swdt1__peripheral__enable" value="0" description="" />
   <keyValuePair key="psu__tcm0a__power__on" value="1" description="" />
   <keyValuePair key="psu__tcm0b__power__on" value="1" description="" />
   <keyValuePair key="psu__tcm1a__power__on" value="1" description="" />
   <keyValuePair key="psu__tcm1b__power__on" value="1" description="" />
   <keyValuePair key="psu__testscan__peripheral__enable" value="0" description="" />
   <keyValuePair key="psu__trace__peripheral__enable" value="0" description="" />
   <keyValuePair key="psu__ttc0__peripheral__enable" value="1" description="" />
   <keyValuePair key="psu__ttc1__peripheral__enable" value="1" description="" />
   <keyValuePair key="psu__ttc2__peripheral__enable" value="1" description="" />
   <keyValuePair key="psu__ttc3__peripheral__enable" value="1" description="" />
   <keyValuePair key="psu__uart0__baud_rate" value="115200" description="" />
   <keyValuePair key="psu__uart0__modem__enable" value="0" description="" />
   <keyValuePair key="psu__uart0__peripheral__enable" value="1" description="" />
   <keyValuePair key="psu__uart0__peripheral__io" value="MIO 42 .. 43" description="" />
   <keyValuePair key="psu__uart0_loop_uart1__enable" value="0" description="" />
   <keyValuePair key="psu__uart1__modem__enable" value="0" description="" />
   <keyValuePair key="psu__uart1__peripheral__enable" value="0" description="" />
   <keyValuePair key="psu__usb0__peripheral__enable" value="1" description="" />
   <keyValuePair key="psu__usb0__peripheral__io" value="MIO 52 .. 63" description="" />
   <keyValuePair key="psu__usb1__peripheral__enable" value="0" description="" />
   <keyValuePair key="x_ipversion" value="3.3" description="" />
  </section>
 </section>
 <section name="report_drc" level="1" order="4" description="">
  <section name="command_line_options" level="2" order="1" description="">
   <keyValuePair key="-append" value="default::[not_specified]" description="" />
   <keyValuePair key="-checks" value="default::[not_specified]" description="" />
   <keyValuePair key="-fail_on" value="default::[not_specified]" description="" />
   <keyValuePair key="-force" value="default::[not_specified]" description="" />
   <keyValuePair key="-format" value="default::[not_specified]" description="" />
   <keyValuePair key="-internal" value="default::[not_specified]" description="" />
   <keyValuePair key="-internal_only" value="default::[not_specified]" description="" />
   <keyValuePair key="-messages" value="default::[not_specified]" description="" />
   <keyValuePair key="-name" value="default::[not_specified]" description="" />
   <keyValuePair key="-no_waivers" value="default::[not_specified]" description="" />
   <keyValuePair key="-return_string" value="default::[not_specified]" description="" />
   <keyValuePair key="-ruledecks" value="default::[not_specified]" description="" />
   <keyValuePair key="-upgrade_cw" value="default::[not_specified]" description="" />
   <keyValuePair key="-waived" value="default::[not_specified]" description="" />
  </section>
  <section name="results" level="2" order="2" description="">
   <keyValuePair key="pdcy-7" value="4" description="" />
  </section>
 </section>
 <section name="report_utilization" level="1" order="5" description="">
  <section name="io_standard" level="2" order="1" description="">
   <keyValuePair key="analog" value="0" description="" />
   <keyValuePair key="analog_se" value="0" description="" />
   <keyValuePair key="diff_hstl_i" value="0" description="" />
   <keyValuePair key="diff_hstl_i_12" value="0" description="" />
   <keyValuePair key="diff_hstl_i_18" value="0" description="" />
   <keyValuePair key="diff_hstl_i_dci" value="0" description="" />
   <keyValuePair key="diff_hstl_i_dci_12" value="0" description="" />
   <keyValuePair key="diff_hstl_i_dci_18" value="0" description="" />
   <keyValuePair key="diff_hsul_12" value="0" description="" />
   <keyValuePair key="diff_hsul_12_dci" value="0" description="" />
   <keyValuePair key="diff_pod10" value="0" description="" />
   <keyValuePair key="diff_pod10_dci" value="0" description="" />
   <keyValuePair key="diff_pod12" value="0" description="" />
   <keyValuePair key="diff_pod12_dci" value="0" description="" />
   <keyValuePair key="diff_sstl12" value="0" description="" />
   <keyValuePair key="diff_sstl12_dci" value="0" description="" />
   <keyValuePair key="diff_sstl135" value="0" description="" />
   <keyValuePair key="diff_sstl135_dci" value="0" description="" />
   <keyValuePair key="diff_sstl135_ii" value="0" description="" />
   <keyValuePair key="diff_sstl15" value="0" description="" />
   <keyValuePair key="diff_sstl15_dci" value="0" description="" />
   <keyValuePair key="diff_sstl15_ii" value="0" description="" />
   <keyValuePair key="diff_sstl18_i" value="0" description="" />
   <keyValuePair key="diff_sstl18_i_dci" value="0" description="" />
   <keyValuePair key="diff_sstl18_ii" value="0" description="" />
   <keyValuePair key="hslvdci_15" value="0" description="" />
   <keyValuePair key="hslvdci_18" value="0" description="" />
   <keyValuePair key="hstl_i" value="0" description="" />
   <keyValuePair key="hstl_i_12" value="0" description="" />
   <keyValuePair key="hstl_i_18" value="0" description="" />
   <keyValuePair key="hstl_i_dci" value="0" description="" />
   <keyValuePair key="hstl_i_dci_12" value="0" description="" />
   <keyValuePair key="hstl_i_dci_18" value="0" description="" />
   <keyValuePair key="hsul_12" value="0" description="" />
   <keyValuePair key="hsul_12_dci" value="0" description="" />
   <keyValuePair key="lvcmos12" value="0" description="" />
   <keyValuePair key="lvcmos15" value="0" description="" />
   <keyValuePair key="lvcmos18" value="0" description="" />
   <keyValuePair key="lvcmos25" value="0" description="" />
   <keyValuePair key="lvcmos33" value="0" description="" />
   <keyValuePair key="lvdci_15" value="0" description="" />
   <keyValuePair key="lvdci_18" value="0" description="" />
   <keyValuePair key="lvds" value="0" description="" />
   <keyValuePair key="lvds_25" value="0" description="" />
   <keyValuePair key="lvpecl" value="0" description="" />
   <keyValuePair key="lvttl" value="0" description="" />
   <keyValuePair key="mipi_dphy_dci" value="0" description="" />
   <keyValuePair key="pod10" value="0" description="" />
   <keyValuePair key="pod10_dci" value="0" description="" />
   <keyValuePair key="pod12" value="0" description="" />
   <keyValuePair key="pod12_dci" value="0" description="" />
   <keyValuePair key="slvs_400_18" value="0" description="" />
   <keyValuePair key="slvs_400_25" value="0" description="" />
   <keyValuePair key="sstl12" value="0" description="" />
   <keyValuePair key="sstl12_dci" value="0" description="" />
   <keyValuePair key="sstl135" value="0" description="" />
   <keyValuePair key="sstl135_dci" value="0" description="" />
   <keyValuePair key="sstl135_ii" value="0" description="" />
   <keyValuePair key="sstl15" value="0" description="" />
   <keyValuePair key="sstl15_dci" value="0" description="" />
   <keyValuePair key="sstl15_ii" value="0" description="" />
   <keyValuePair key="sstl18_i" value="0" description="" />
   <keyValuePair key="sstl18_i_dci" value="0" description="" />
   <keyValuePair key="sstl18_ii" value="0" description="" />
   <keyValuePair key="sub_lvds" value="0" description="" />
  </section>
  <section name="primitives" level="2" order="2" description="">
   <keyValuePair key="bufg_ps_functional_category" value="Clock" description="" />
   <keyValuePair key="bufg_ps_used" value="4" description="" />
   <keyValuePair key="carry8_functional_category" value="CLB" description="" />
   <keyValuePair key="carry8_used" value="104" description="" />
   <keyValuePair key="fdre_functional_category" value="Register" description="" />
   <keyValuePair key="fdre_used" value="4820" description="" />
   <keyValuePair key="fdse_functional_category" value="Register" description="" />
   <keyValuePair key="fdse_used" value="37" description="" />
   <keyValuePair key="lut1_functional_category" value="CLB" description="" />
   <keyValuePair key="lut1_used" value="27" description="" />
   <keyValuePair key="lut2_functional_category" value="CLB" description="" />
   <keyValuePair key="lut2_used" value="882" description="" />
   <keyValuePair key="lut3_functional_category" value="CLB" description="" />
   <keyValuePair key="lut3_used" value="361" description="" />
   <keyValuePair key="lut4_functional_category" value="CLB" description="" />
   <keyValuePair key="lut4_used" value="528" description="" />
   <keyValuePair key="lut5_functional_category" value="CLB" description="" />
   <keyValuePair key="lut5_used" value="515" description="" />
   <keyValuePair key="lut6_functional_category" value="CLB" description="" />
   <keyValuePair key="lut6_used" value="584" description="" />
   <keyValuePair key="muxf7_functional_category" value="CLB" description="" />
   <keyValuePair key="muxf7_used" value="640" description="" />
   <keyValuePair key="ps8_functional_category" value="Advanced" description="" />
   <keyValuePair key="ps8_used" value="1" description="" />
   <keyValuePair key="srl16e_functional_category" value="CLB" description="" />
   <keyValuePair key="srl16e_used" value="28" description="" />
   <keyValuePair key="srlc32e_functional_category" value="CLB" description="" />
   <keyValuePair key="srlc32e_used" value="51" description="" />
  </section>
 </section>
 <section name="synthesis" level="1" order="6" description="">
  <section name="command_line_options" level="2" order="1" description="">
   <keyValuePair key="-assert" value="default::[not_specified]" description="" />
   <keyValuePair key="-bufg" value="default::12" description="" />
   <keyValuePair key="-cascade_dsp" value="default::auto" description="" />
   <keyValuePair key="-constrset" value="default::[not_specified]" description="" />
   <keyValuePair key="-control_set_opt_threshold" value="default::auto" description="" />
   <keyValuePair key="-directive" value="default::default" description="" />
   <keyValuePair key="-fanout_limit" value="default::10000" description="" />
   <keyValuePair key="-flatten_hierarchy" value="default::rebuilt" description="" />
   <keyValuePair key="-fsm_extraction" value="default::auto" description="" />
   <keyValuePair key="-gated_clock_conversion" value="default::off" description="" />
   <keyValuePair key="-generic" value="default::[not_specified]" description="" />
   <keyValuePair key="-include_dirs" value="default::[not_specified]" description="" />
   <keyValuePair key="-keep_equivalent_registers" value="default::[not_specified]" description="" />
   <keyValuePair key="-max_bram" value="default::-1" description="" />
   <keyValuePair key="-max_bram_cascade_height" value="default::-1" description="" />
   <keyValuePair key="-max_dsp" value="default::-1" description="" />
   <keyValuePair key="-max_uram" value="default::-1" description="" />
   <keyValuePair key="-max_uram_cascade_height" value="default::-1" description="" />
   <keyValuePair key="-mode" value="default::default" description="" />
   <keyValuePair key="-name" value="default::[not_specified]" description="" />
   <keyValuePair key="-no_lc" value="default::[not_specified]" description="" />
   <keyValuePair key="-no_srlextract" value="default::[not_specified]" description="" />
   <keyValuePair key="-no_timing_driven" value="default::[not_specified]" description="" />
   <keyValuePair key="-part" value="xczu3eg-sfvc784-1-i" description="" />
   <keyValuePair key="-resource_sharing" value="default::auto" description="" />
   <keyValuePair key="-retiming" value="default::[not_specified]" description="" />
   <keyValuePair key="-rtl" value="default::[not_specified]" description="" />
   <keyValuePair key="-rtl_skip_constraints" value="default::[not_specified]" description="" />
   <keyValuePair key="-rtl_skip_ip" value="default::[not_specified]" description="" />
   <keyValuePair key="-seu_protect" value="default::none" description="" />
   <keyValuePair key="-sfcu" value="default::[not_specified]" description="" />
   <keyValuePair key="-shreg_min_size" value="default::3" description="" />
   <keyValuePair key="-top" value="design_1_wrapper" description="" />
   <keyValuePair key="-verilog_define" value="default::[not_specified]" description="" />
  </section>
  <section name="usage" level="2" order="2" description="">
   <keyValuePair key="elapsed" value="00:00:47s" description="" />
   <keyValuePair key="hls_ip" value="0" description="" />
   <keyValuePair key="memory_gain" value="1370.742MB" description="" />
   <keyValuePair key="memory_peak" value="2813.309MB" description="" />
  </section>
 </section>
 <section name="unisim_transformation" level="1" order="7" description="">
  <section name="post_unisim_transformation" level="2" order="1" description="">
   <keyValuePair key="bufg_ps" value="4" description="" />
   <keyValuePair key="carry8" value="104" description="" />
   <keyValuePair key="fdre" value="4959" description="" />
   <keyValuePair key="fdse" value="39" description="" />
   <keyValuePair key="gnd" value="352" description="" />
   <keyValuePair key="lut1" value="337" description="" />
   <keyValuePair key="lut2" value="894" description="" />
   <keyValuePair key="lut3" value="385" description="" />
   <keyValuePair key="lut4" value="545" description="" />
   <keyValuePair key="lut5" value="527" description="" />
   <keyValuePair key="lut6" value="649" description="" />
   <keyValuePair key="muxf7" value="640" description="" />
   <keyValuePair key="ps8" value="1" description="" />
   <keyValuePair key="srl16e" value="28" description="" />
   <keyValuePair key="srlc32e" value="51" description="" />
   <keyValuePair key="vcc" value="355" description="" />
  </section>
  <section name="pre_unisim_transformation" level="2" order="2" description="">
   <keyValuePair key="bufg_ps" value="4" description="" />
   <keyValuePair key="carry8" value="104" description="" />
   <keyValuePair key="fdre" value="4959" description="" />
   <keyValuePair key="fdse" value="39" description="" />
   <keyValuePair key="gnd" value="352" description="" />
   <keyValuePair key="lut1" value="337" description="" />
   <keyValuePair key="lut2" value="894" description="" />
   <keyValuePair key="lut3" value="385" description="" />
   <keyValuePair key="lut4" value="545" description="" />
   <keyValuePair key="lut5" value="527" description="" />
   <keyValuePair key="lut6" value="649" description="" />
   <keyValuePair key="muxf7" value="640" description="" />
   <keyValuePair key="ps8" value="1" description="" />
   <keyValuePair key="srl16e" value="28" description="" />
   <keyValuePair key="srlc32e" value="51" description="" />
   <keyValuePair key="vcc" value="355" description="" />
  </section>
 </section>
 <section name="vivado_usage" level="1" order="8" description="">
  <section name="gui_handlers" level="2" order="1" description="">
   <keyValuePair key="addresstreetablepanel_address_tree_table" value="2" description="" />
   <keyValuePair key="addsrcwizard_specify_or_create_constraint_files" value="1" description="" />
   <keyValuePair key="applyrsbmultiautomationdialog_checkbox_tree" value="2" description="" />
   <keyValuePair key="basedialog_cancel" value="28" description="" />
   <keyValuePair key="basedialog_ok" value="75" description="" />
   <keyValuePair key="basedialog_yes" value="16" description="" />
   <keyValuePair key="basereporttab_rerun" value="3" description="" />
   <keyValuePair key="cmdmsgdialog_ok" value="1" description="" />
   <keyValuePair key="constraintschooserpanel_create_file" value="1" description="" />
   <keyValuePair key="createconstraintsfilepanel_file_name" value="1" description="" />
   <keyValuePair key="expruntreepanel_exp_run_tree_table" value="15" description="" />
   <keyValuePair key="filesetpanel_file_set_panel_tree" value="149" description="" />
   <keyValuePair key="flownavigatortreepanel_flow_navigator_tree" value="79" description="" />
   <keyValuePair key="hpopuptitle_close" value="2" description="" />
   <keyValuePair key="instancemenu_floorplanning" value="5" description="" />
   <keyValuePair key="intraclockssectionpanel_intra_clocks_section_table" value="6" description="" />
   <keyValuePair key="ipstatussectionpanel_upgrade_selected" value="2" description="" />
   <keyValuePair key="localizedpreset_combo_box" value="1" description="" />
   <keyValuePair key="logpanel_log_navigator" value="2" description="" />
   <keyValuePair key="mainmenumgr_checkpoint" value="23" description="" />
   <keyValuePair key="mainmenumgr_constraints" value="2" description="" />
   <keyValuePair key="mainmenumgr_edit" value="6" description="" />
   <keyValuePair key="mainmenumgr_export" value="34" description="" />
   <keyValuePair key="mainmenumgr_file" value="52" description="" />
   <keyValuePair key="mainmenumgr_flow" value="2" description="" />
   <keyValuePair key="mainmenumgr_help" value="4" description="" />
   <keyValuePair key="mainmenumgr_import" value="7" description="" />
   <keyValuePair key="mainmenumgr_ip" value="21" description="" />
   <keyValuePair key="mainmenumgr_open_block_design" value="1" description="" />
   <keyValuePair key="mainmenumgr_project" value="22" description="" />
   <keyValuePair key="mainmenumgr_reports" value="2" description="" />
   <keyValuePair key="mainmenumgr_settings" value="1" description="" />
   <keyValuePair key="mainmenumgr_text_editor" value="20" description="" />
   <keyValuePair key="mainmenumgr_view" value="4" description="" />
   <keyValuePair key="mainmenumgr_window" value="6" description="" />
   <keyValuePair key="mainwinmenumgr_layout" value="9" description="" />
   <keyValuePair key="msgtreepanel_message_severity" value="1" description="" />
   <keyValuePair key="msgtreepanel_message_view_tree" value="26" description="" />
   <keyValuePair key="msgview_clear_messages_resulting_from_user_executed" value="1" description="" />
   <keyValuePair key="navigabletimingreporttab_timing_report_navigation_tree" value="4" description="" />
   <keyValuePair key="netlisttreeview_netlist_tree" value="5" description="" />
   <keyValuePair key="newexporthardwaredialog_include_bitstream" value="11" description="" />
   <keyValuePair key="pacommandnames_add_sources" value="1" description="" />
   <keyValuePair key="pacommandnames_addresseditor_window" value="1" description="" />
   <keyValuePair key="pacommandnames_create_top_hdl" value="1" description="" />
   <keyValuePair key="pacommandnames_export_hardware" value="20" description="" />
   <keyValuePair key="pacommandnames_generate_composite_file" value="1" description="" />
   <keyValuePair key="pacommandnames_launch_hardware" value="2" description="" />
   <keyValuePair key="pacommandnames_regenerate_layout" value="5" description="" />
   <keyValuePair key="pacommandnames_simulation_run" value="1" description="" />
   <keyValuePair key="pacommandnames_validate_rsb_design" value="4" description="" />
   <keyValuePair key="paviews_address_editor" value="2" description="" />
   <keyValuePair key="paviews_code" value="27" description="" />
   <keyValuePair key="paviews_device" value="26" description="" />
   <keyValuePair key="paviews_project_summary" value="13" description="" />
   <keyValuePair key="primitivesmenu_default" value="2" description="" />
   <keyValuePair key="primitivesmenu_highlight_leaf_cells" value="9" description="" />
   <keyValuePair key="progressdialog_background" value="1" description="" />
   <keyValuePair key="progressdialog_cancel" value="2" description="" />
   <keyValuePair key="projecttab_close_design" value="1" description="" />
   <keyValuePair key="projecttab_reload" value="4" description="" />
   <keyValuePair key="psspanelclockingpage_tabbed_pane" value="5" description="" />
   <keyValuePair key="psspanelmainpage_switch_to_advanced_mode" value="2" description="" />
   <keyValuePair key="psstreetablepanelbuilder_adv_clk_tree" value="74" description="" />
   <keyValuePair key="psstreetablepanelbuilder_clk_tree" value="13" description="" />
   <keyValuePair key="psstreetablepanelbuilder_general_tree" value="9" description="" />
   <keyValuePair key="psstreetablepanelbuilder_mio_tree" value="106" description="" />
   <keyValuePair key="rdicommands_copy" value="2" description="" />
   <keyValuePair key="rdicommands_delete" value="2" description="" />
   <keyValuePair key="rdicommands_paste" value="2" description="" />
   <keyValuePair key="rsbapplyautomationbar_run_connection_automation" value="5" description="" />
   <keyValuePair key="selectmenu_highlight" value="10" description="" />
   <keyValuePair key="simpleoutputproductdialog_generate_output_products_immediately" value="3" description="" />
   <keyValuePair key="systembuildermenu_add_ip" value="3" description="" />
   <keyValuePair key="systembuilderview_add_ip" value="1" description="" />
   <keyValuePair key="systembuilderview_pinning" value="2" description="" />
   <keyValuePair key="systemtab_report_ip_status" value="2" description="" />
  </section>
  <section name="java_command_handlers" level="2" order="2" description="">
   <keyValuePair key="addsources" value="2" description="" />
   <keyValuePair key="createblockdesign" value="1" description="" />
   <keyValuePair key="createtophdl" value="1" description="" />
   <keyValuePair key="customizersbblock" value="10" description="" />
   <keyValuePair key="editcopy" value="2" description="" />
   <keyValuePair key="editdelete" value="2" description="" />
   <keyValuePair key="editpaste" value="2" description="" />
   <keyValuePair key="managecompositetargets" value="1" description="" />
   <keyValuePair key="newexporthardware" value="20" description="" />
   <keyValuePair key="newlaunchhardware" value="2" description="" />
   <keyValuePair key="openaddresseditor" value="1" description="" />
   <keyValuePair key="regeneratersblayout" value="5" description="" />
   <keyValuePair key="reportipstatus" value="2" description="" />
   <keyValuePair key="runbitgen" value="12" description="" />
   <keyValuePair key="runimplementation" value="21" description="" />
   <keyValuePair key="runsynthesis" value="1" description="" />
   <keyValuePair key="saversbdesign" value="5" description="" />
   <keyValuePair key="showview" value="6" description="" />
   <keyValuePair key="upgradeip" value="2" description="" />
   <keyValuePair key="validatersbdesign" value="4" description="" />
   <keyValuePair key="viewtaskimplementation" value="23" description="" />
   <keyValuePair key="viewtaskprojectmanager" value="16" description="" />
  </section>
  <section name="other_data" level="2" order="3" description="">
   <keyValuePair key="guimode" value="23" description="" />
  </section>
  <section name="project_data" level="2" order="4" description="">
   <keyValuePair key="constraintsetcount" value="1" description="" />
   <keyValuePair key="core_container" value="false" description="" />
   <keyValuePair key="currentimplrun" value="impl_1" description="" />
   <keyValuePair key="currentsynthesisrun" value="synth_1" description="" />
   <keyValuePair key="default_library" value="xil_defaultlib" description="" />
   <keyValuePair key="designmode" value="RTL" description="" />
   <keyValuePair key="export_simulation_activehdl" value="3" description="" />
   <keyValuePair key="export_simulation_ies" value="3" description="" />
   <keyValuePair key="export_simulation_modelsim" value="3" description="" />
   <keyValuePair key="export_simulation_questa" value="3" description="" />
   <keyValuePair key="export_simulation_riviera" value="3" description="" />
   <keyValuePair key="export_simulation_vcs" value="3" description="" />
   <keyValuePair key="export_simulation_xsim" value="3" description="" />
   <keyValuePair key="implstrategy" value="Vivado Implementation Defaults" description="" />
   <keyValuePair key="launch_simulation_activehdl" value="0" description="" />
   <keyValuePair key="launch_simulation_ies" value="0" description="" />
   <keyValuePair key="launch_simulation_modelsim" value="0" description="" />
   <keyValuePair key="launch_simulation_questa" value="0" description="" />
   <keyValuePair key="launch_simulation_riviera" value="0" description="" />
   <keyValuePair key="launch_simulation_vcs" value="0" description="" />
   <keyValuePair key="launch_simulation_xsim" value="0" description="" />
   <keyValuePair key="simulator_language" value="Mixed" description="" />
   <keyValuePair key="srcsetcount" value="2" description="" />
   <keyValuePair key="synthesisstrategy" value="Vivado Synthesis Defaults" description="" />
   <keyValuePair key="target_language" value="VHDL" description="" />
   <keyValuePair key="target_simulator" value="XSim" description="" />
   <keyValuePair key="totalimplruns" value="7" description="" />
   <keyValuePair key="totalsynthesisruns" value="7" description="" />
  </section>
 </section>
</section>
</webTalkData>
