<?xml version="1.0" encoding="UTF-8"?>
<GenRun Id="fifo_generator_0_synth_1" LaunchPart="xc7a35tcpg236-1" LaunchTime="1701504717">
  <File Type="PA-TCL" Name="fifo_generator_0.tcl"/>
  <File Type="REPORTS-TCL" Name="fifo_generator_0_reports.tcl"/>
  <File Type="RDS-RDS" Name="fifo_generator_0.vds"/>
  <File Type="RDS-UTIL" Name="fifo_generator_0_utilization_synth.rpt"/>
  <File Type="RDS-UTIL-PB" Name="fifo_generator_0_utilization_synth.pb"/>
  <File Type="RDS-DCP" Name="fifo_generator_0.dcp"/>
  <FileSet Name="sources" Type="BlockSrcs" RelSrcDir="$PSRCDIR/fifo_generator_0">
    <File Path="$PSRCDIR/sources_1/ip/fifo_generator_0/fifo_generator_0.xci">
      <FileInfo>
        <Attr Name="ImportPath" Val="$PPRDIR/../../FPGA_Proj/RMUX4/hw/ip/fifo_generator_0/fifo_generator_0.xci"/>
        <Attr Name="ImportTime" Val="1700841221"/>
        <Attr Name="UsedIn" Val="synthesis"/>
        <Attr Name="UsedIn" Val="implementation"/>
        <Attr Name="UsedIn" Val="simulation"/>
      </FileInfo>
    </File>
    <Config>
      <Option Name="TopModule" Val="fifo_generator_0"/>
      <Option Name="UseBlackboxStub" Val="1"/>
    </Config>
  </FileSet>
  <FileSet Name="constrs_in" Type="BlockSrcs" RelSrcDir="$PSRCDIR/fifo_generator_0">
    <File Path="$PSRCDIR/sources_1/ip/fifo_generator_0/fifo_generator_0.xci">
      <FileInfo>
        <Attr Name="ImportPath" Val="$PPRDIR/../../FPGA_Proj/RMUX4/hw/ip/fifo_generator_0/fifo_generator_0.xci"/>
        <Attr Name="ImportTime" Val="1700841221"/>
        <Attr Name="UsedIn" Val="synthesis"/>
        <Attr Name="UsedIn" Val="implementation"/>
        <Attr Name="UsedIn" Val="simulation"/>
      </FileInfo>
    </File>
    <Config>
      <Option Name="TopModule" Val="fifo_generator_0"/>
      <Option Name="UseBlackboxStub" Val="1"/>
    </Config>
  </FileSet>
  <FileSet Name="utils" Type="Utils" RelSrcDir="$PSRCDIR/utils_1">
    <Filter Type="Utils"/>
    <Config>
      <Option Name="TopAutoSet" Val="TRUE"/>
    </Config>
  </FileSet>
  <Strategy Version="1" Minor="2">
    <StratHandle Name="Vivado Synthesis Defaults" Flow="Vivado Synthesis 2020"/>
    <Step Id="synth_design"/>
  </Strategy>
</GenRun>
